source_id,channel,n_day_rows,n_days_over_24h,max_cov_s,example_user,example_date,example_cov_s,share_over_24h,note
3,3000,1780918,6160.0,166245.0,1146989.0,19265.0,166245.0,0.0034588903026416713,cov_s unions full UTC intervals assigned to the local date of the interval start without midnight clipping (frozen artifact semantics); source_id is the dominant epoch source of that user/channel
3,3001,1550523,12.0,121143.0,1105416.0,19226.0,121143.0,7.739324086130938e-06,cov_s unions full UTC intervals assigned to the local date of the interval start without midnight clipping (frozen artifact semantics); source_id is the dominant epoch source of that user/channel
3,3002,1550588,0.0,0.0,,,,0.0,cov_s unions full UTC intervals assigned to the local date of the interval start without midnight clipping (frozen artifact semantics); source_id is the dominant epoch source of that user/channel
6,3000,3105475,4.0,118789.0,1209114.0,18929.0,118789.0,1.2880477221681063e-06,cov_s unions full UTC intervals assigned to the local date of the interval start without midnight clipping (frozen artifact semantics); source_id is the dominant epoch source of that user/channel
6,3001,2953966,1017.0,172539.0,440262.0,19085.0,172539.0,0.00034428290643832735,cov_s unions full UTC intervals assigned to the local date of the interval start without midnight clipping (frozen artifact semantics); source_id is the dominant epoch source of that user/channel
6,3002,2667200,0.0,0.0,,,,0.0,cov_s unions full UTC intervals assigned to the local date of the interval start without midnight clipping (frozen artifact semantics); source_id is the dominant epoch source of that user/channel
7,3000,386638,0.0,0.0,,,,0.0,cov_s unions full UTC intervals assigned to the local date of the interval start without midnight clipping (frozen artifact semantics); source_id is the dominant epoch source of that user/channel
7,3001,295151,0.0,0.0,,,,0.0,cov_s unions full UTC intervals assigned to the local date of the interval start without midnight clipping (frozen artifact semantics); source_id is the dominant epoch source of that user/channel
7,3002,295149,0.0,0.0,,,,0.0,cov_s unions full UTC intervals assigned to the local date of the interval start without midnight clipping (frozen artifact semantics); source_id is the dominant epoch source of that user/channel
9,3000,111375,1.0,87183.0,1138049.0,18880.0,87183.0,8.978675645342311e-06,cov_s unions full UTC intervals assigned to the local date of the interval start without midnight clipping (frozen artifact semantics); source_id is the dominant epoch source of that user/channel
9,3001,78736,0.0,0.0,,,,0.0,cov_s unions full UTC intervals assigned to the local date of the interval start without midnight clipping (frozen artifact semantics); source_id is the dominant epoch source of that user/channel
9,3002,78736,0.0,0.0,,,,0.0,cov_s unions full UTC intervals assigned to the local date of the interval start without midnight clipping (frozen artifact semantics); source_id is the dominant epoch source of that user/channel
13,3000,87952,397.0,162240.0,898431.0,18454.0,162240.0,0.004513825723121703,cov_s unions full UTC intervals assigned to the local date of the interval start without midnight clipping (frozen artifact semantics); source_id is the dominant epoch source of that user/channel
13,3001,66086,181.0,156444.0,976588.0,18723.0,156444.0,0.002738855430802288,cov_s unions full UTC intervals assigned to the local date of the interval start without midnight clipping (frozen artifact semantics); source_id is the dominant epoch source of that user/channel
13,3002,66066,0.0,0.0,,,,0.0,cov_s unions full UTC intervals assigned to the local date of the interval start without midnight clipping (frozen artifact semantics); source_id is the dominant epoch source of that user/channel
