arm,repeat,auroc_val,auroc_test,auroc_val_hygiene,auroc_test_hygiene,n_a0,n_hygiene,age_pi,age_rank_overall,age_in_topk
REF50,0,0.7308082120582121,0.7248570686070688,0.7122011434511435,0.7164760914760915,534,400,,,
AGE50,0,0.7413591476091477,0.7132926195426194,0.7169568607068607,0.7197115384615385,532,398,0.0007016632016632421,28.0,True
AGE50_force,0,0.7413591476091477,0.7132926195426194,,,532,398,0.0007016632016632421,28.0,True
AGE50_nodemo,0,0.7270919958419958,0.7023908523908524,0.7127988565488566,0.7232198544698546,528,395,4.7643797643807474e-05,146.0,False
AGE_all,0,0.7169568607068607,0.7197115384615385,,,532,398,,,
REF50,1,0.7540410602910603,0.751754158004158,0.7567567567567568,0.7572375259875261,534,400,,,
AGE50,1,0.7728040540540542,0.753014553014553,0.7536512474012476,0.7539241164241165,532,398,0.011594767844767984,1.0,True
AGE50_force,1,0.7728040540540542,0.753014553014553,,,532,398,0.011594767844767984,1.0,True
AGE50_nodemo,1,0.7645010395010394,0.7371491683991684,0.7474402286902287,0.7561460498960498,528,395,0.007661988911988993,2.0,True
AGE_all,1,0.7536512474012476,0.7539241164241165,,,532,398,,,
REF50,2,0.7629677754677755,0.7667359667359668,0.7348102910602909,0.7474922037422037,534,400,,,
AGE50,2,0.7620841995841995,0.7603950103950103,0.7411642411642412,0.7536512474012473,532,398,0.00838530838530834,1.0,True
AGE50_force,2,0.7620841995841995,0.7603950103950103,,,532,398,0.00838530838530834,1.0,True
AGE50_nodemo,2,0.7472323284823285,0.747700103950104,0.7363565488565489,0.7523778586278587,528,395,0.007700970200970232,1.0,True
AGE_all,2,0.7411642411642412,0.7536512474012473,,,532,398,,,
REF50,3,0.7648778586278587,0.744412681912682,0.750818607068607,0.72872920997921,534,400,,,
AGE50,3,0.7665670478170479,0.738760395010395,0.7515072765072764,0.7373570686070685,532,398,0.00491597366597359,4.0,True
AGE50_force,3,0.7665670478170479,0.738760395010395,,,532,398,0.00491597366597359,4.0,True
AGE50_nodemo,3,0.7665800415800417,0.7476611226611226,0.7505717255717256,0.7404495841995844,528,395,0.004664760914760942,4.0,True
AGE_all,3,0.7515072765072764,0.7373570686070685,,,532,398,,,
REF50,4,0.7765202702702703,0.7371621621621622,0.7578742203742204,0.7440098752598754,534,400,,,
AGE50,4,0.7620841995841996,0.7421257796257796,0.7541320166320167,0.7498180873180873,532,398,0.006856375606375605,1.0,True
AGE50_force,4,0.7620841995841996,0.7421257796257796,,,532,398,0.006856375606375605,1.0,True
AGE50_nodemo,4,0.7603950103950103,0.7433082120582122,0.7512993762993763,0.7410992723492724,528,395,0.0027720027720028093,6.0,True
AGE_all,4,0.7541320166320167,0.7498180873180873,,,532,398,,,
REF50,5,0.7324194386694386,0.7309771309771309,0.7216735966735967,0.7336018711018711,534,400,,,
AGE50,5,0.7288591476091477,0.7229599792099793,0.7279235966735966,0.73629158004158,532,398,0.007263513513513435,1.0,True
AGE50_force,5,0.7288591476091477,0.7229599792099793,,,532,398,0.007263513513513435,1.0,True
AGE50_nodemo,5,0.754274948024948,0.7468685031185032,0.7255067567567567,0.7390852390852392,528,395,0.005323111573111494,3.0,True
AGE_all,5,0.7279235966735966,0.73629158004158,,,532,398,,,
REF50,6,0.7442827442827444,0.7183471933471934,0.7373830561330561,0.7370322245322245,534,400,,,
AGE50,6,0.7537422037422037,0.7247141372141372,0.7373830561330561,0.736902286902287,532,398,0.005366424116424073,8.0,True
AGE50_force,6,0.7537422037422037,0.7247141372141372,,,532,398,0.005366424116424073,8.0,True
AGE50_nodemo,6,0.7430613305613305,0.7296387733887735,0.7280015592515592,0.731912681912682,528,395,0.003382709632709554,9.0,True
AGE_all,6,0.7373830561330561,0.736902286902287,,,532,398,,,
REF50,7,0.7851091476091475,0.7530925155925154,0.7558341995841997,0.7538981288981289,534,400,,,
AGE50,7,0.7859407484407485,0.7625779625779625,0.7628378378378379,0.7658393970893971,532,398,0.009407484407484437,1.0,True
AGE50_force,7,0.7859407484407485,0.7625779625779625,,,532,398,0.009407484407484437,1.0,True
AGE50_nodemo,7,0.7859277546777548,0.7602130977130976,0.7625259875259874,0.7627208939708939,528,395,0.008177408177408049,2.0,True
AGE_all,7,0.7628378378378379,0.7658393970893971,,,532,398,,,
REF50,8,0.7828222453222452,0.7443607068607068,0.7601221413721413,0.7642151767151768,534,400,,,
AGE50,8,0.784810291060291,0.7702182952182952,0.7620322245322245,0.7743243243243243,532,398,0.008008489258489257,1.0,True
AGE50_force,8,0.784810291060291,0.7702182952182952,,,532,398,0.008008489258489257,1.0,True
AGE50_nodemo,8,0.7838877338877339,0.7673856548856549,0.7631366943866944,0.7731938669438669,528,395,0.0069213444213444,1.0,True
AGE_all,8,0.7620322245322245,0.7743243243243243,,,532,398,,,
REF50,9,0.7678014553014553,0.7658134095634095,0.748245841995842,0.7595504158004158,534,400,,,
AGE50,9,0.7660213097713098,0.7662422037422038,0.757614345114345,0.7669828482328482,532,398,0.007700970200970048,1.0,True
AGE50_force,9,0.7660213097713098,0.7662422037422038,,,532,398,0.007700970200970048,1.0,True
AGE50_nodemo,9,0.7671387733887735,0.7617463617463618,0.7632406444906445,0.7608757796257797,528,395,0.008840090090090161,1.0,True
AGE_all,9,0.757614345114345,0.7669828482328482,,,532,398,,,
REF50,10,0.7800805613305613,0.7346543659043658,0.7508965696465697,0.7227650727650727,534,400,,,
AGE50,10,0.7679183991683992,0.7385524948024949,0.7540540540540541,0.7306652806652807,532,398,0.005613305613305604,2.0,True
AGE50_force,10,0.7679183991683992,0.7385524948024949,,,532,398,0.005613305613305604,2.0,True
AGE50_nodemo,10,0.7672037422037422,0.7379287941787942,0.7568347193347192,0.7258316008316008,528,395,0.004326923076923024,1.0,True
AGE_all,10,0.7540540540540541,0.7306652806652807,,,532,398,,,
REF50,11,0.7909433471933471,0.7256886694386694,0.7663461538461539,0.7273778586278588,534,400,,,
AGE50,11,0.7855119542619542,0.724129417879418,0.7773258835758836,0.7294698544698546,532,398,0.00676108801108799,2.0,True
AGE50_force,11,0.7855119542619542,0.724129417879418,,,532,398,0.00676108801108799,2.0,True
AGE50_nodemo,11,0.7859927234927236,0.7290150727650728,0.7694126819126819,0.7252598752598753,528,395,0.010139466389466353,1.0,True
AGE_all,11,0.7773258835758836,0.7294698544698546,,,532,398,,,
REF50,12,0.7727390852390852,0.7234537422037421,0.7553274428274428,0.7310420997920998,534,400,,,
AGE50,12,0.7765982328482329,0.7323024948024948,0.7606159043659044,0.730587318087318,532,398,0.0051715176715177264,1.0,True
AGE50_force,12,0.7765982328482329,0.7323024948024948,,,532,398,0.0051715176715177264,1.0,True
AGE50_nodemo,12,0.7765202702702703,0.7246361746361747,0.7657224532224532,0.7318087318087318,528,395,0.006410256410256461,1.0,True
AGE_all,12,0.7606159043659044,0.730587318087318,,,532,398,,,
REF50,13,0.7708809771309773,0.7376039501039502,0.7540540540540541,0.745335239085239,534,400,,,
AGE50,13,0.7793529106029107,0.7501949064449065,0.7576663201663201,0.7455301455301455,532,398,0.0044265419265418675,5.0,True
AGE50_force,13,0.7793529106029107,0.7501949064449065,,,532,398,0.0044265419265418675,5.0,True
AGE50_nodemo,13,0.7785213097713098,0.750766632016632,0.7531964656964657,0.7431003118503118,528,395,0.0035299722799722786,6.0,True
AGE_all,13,0.7576663201663201,0.7455301455301455,,,532,398,,,
REF50,14,0.7859667359667359,0.7411382536382537,0.7528716216216217,0.7409563409563409,534,400,,,
AGE50,14,0.781691787941788,0.7437370062370062,0.7684901247401248,0.7390072765072765,532,398,0.008437283437283486,1.0,True
AGE50_force,14,0.781691787941788,0.7437370062370062,,,532,398,0.008437283437283486,1.0,True
AGE50_nodemo,14,0.7685420997920998,0.718035343035343,0.753560291060291,0.7258316008316009,528,395,0.008736139986139868,1.0,True
AGE_all,14,0.7684901247401248,0.7390072765072765,,,532,398,,,
REF50,15,0.7547167359667358,0.736837318087318,0.72258316008316,0.7335369022869023,534,400,,,
AGE50,15,0.7426195426195428,0.7388253638253639,0.73114604989605,0.7382146569646569,532,398,0.00536209286209303,1.0,True
AGE50_force,15,0.7426195426195428,0.7388253638253639,,,532,398,0.00536209286209303,1.0,True
AGE50_nodemo,15,0.7584979209979209,0.7527027027027027,0.7273258835758836,0.735862785862786,528,395,0.005236486486486447,1.0,True
AGE_all,15,0.73114604989605,0.7382146569646569,,,532,398,,,
REF50,16,0.767489604989605,0.7493113305613306,0.7617983367983368,0.7328352390852391,534,400,,,
AGE50,16,0.7801325363825364,0.7520400207900207,0.7676195426195426,0.7449454261954263,532,398,0.005370755370755338,2.0,True
AGE50_force,16,0.7801325363825364,0.7520400207900207,,,532,398,0.005370755370755338,2.0,True
AGE50_nodemo,16,0.7737785862785862,0.7577182952182951,0.7619542619542621,0.7367983367983368,528,395,0.006271656271656341,1.0,True
AGE_all,16,0.7676195426195426,0.7449454261954263,,,532,398,,,
REF50,17,0.7575623700623699,0.7608757796257797,0.7376039501039502,0.759654365904366,534,400,,,
AGE50,17,0.7619412681912682,0.7653456340956342,0.7477520790020791,0.765683471933472,532,398,0.0035689535689535923,5.0,True
AGE50_force,17,0.7619412681912682,0.7653456340956342,,,532,398,0.0035689535689535923,5.0,True
AGE50_nodemo,17,0.7703482328482327,0.7649298336798336,0.7392411642411643,0.7568607068607068,528,395,0.0026810464310465334,9.0,True
AGE_all,17,0.7477520790020791,0.765683471933472,,,532,398,,,
REF50,18,0.7533523908523908,0.7275207900207901,0.7196595634095634,0.7238955301455301,534,400,,,
AGE50,18,0.7518061330561331,0.7419308731808733,0.7170738045738047,0.7252079002079002,532,398,0.005292792792792859,5.0,True
AGE50_force,18,0.7518061330561331,0.7419308731808733,,,532,398,0.005292792792792859,5.0,True
AGE50_nodemo,18,0.7583160083160082,0.7454651767151766,0.7266242203742204,0.7213097713097714,528,395,0.005795218295218341,3.0,True
AGE_all,18,0.7170738045738047,0.7252079002079002,,,532,398,,,
REF50,19,0.7688279625779626,0.7431133056133056,0.7516502079002079,0.7408393970893972,534,400,,,
AGE50,19,0.773414760914761,0.7351871101871102,0.752975571725572,0.7430223492723491,532,398,0.0056782744282746584,1.0,True
AGE50_force,19,0.773414760914761,0.7351871101871102,,,532,398,0.0056782744282746584,1.0,True
AGE50_nodemo,19,0.7670867983367985,0.745841995841996,0.7536122661122661,0.744243762993763,528,395,0.004738392238392193,3.0,True
AGE_all,19,0.752975571725572,0.7430223492723491,,,532,398,,,
REF50,20,0.7449324324324325,0.7301455301455302,0.7317567567567567,0.7333809771309772,534,400,,,
AGE50,20,0.7527416839916841,0.7540670478170478,0.7422557172557172,0.743801975051975,532,398,0.004344248094247975,3.0,True
AGE50_force,20,0.7527416839916841,0.7540670478170478,,,532,398,0.004344248094247975,3.0,True
AGE50_nodemo,20,0.7587577962577963,0.7321335758835759,0.7399948024948027,0.7439319126819128,528,395,0.004075710325710487,6.0,True
AGE_all,20,0.7422557172557172,0.743801975051975,,,532,398,,,
REF50,21,0.7607458419958422,0.743581081081081,0.7390202702702703,0.7534433471933473,534,400,,,
AGE50,21,0.7731159043659044,0.7525467775467775,0.750441787941788,0.7546127858627859,532,398,0.011062023562023534,1.0,True
AGE50_force,21,0.7731159043659044,0.7525467775467775,,,532,398,0.011062023562023534,1.0,True
AGE50_nodemo,21,0.7589786902286904,0.7412032224532225,0.7530015592515594,0.7528976091476092,528,395,0.011040367290367467,1.0,True
AGE_all,21,0.750441787941788,0.7546127858627859,,,532,398,,,
REF50,22,0.7829002079002079,0.7116813929313929,0.7735836798336799,0.7133186070686071,534,400,,,
AGE50,22,0.7824584199584199,0.7145790020790022,0.7732718295218297,0.7122920997920998,532,398,0.005084892584892716,7.0,True
AGE50_force,22,0.7824584199584199,0.7145790020790022,,,532,398,0.005084892584892716,7.0,True
AGE50_nodemo,22,0.7906834719334719,0.716878898128898,0.7748960498960499,0.7143321205821207,528,395,0.005712924462924522,4.0,True
AGE_all,22,0.7732718295218297,0.7122920997920998,,,532,398,,,
REF50,23,0.7474922037422037,0.7736226611226611,0.7357328482328482,0.7642671517671518,534,400,,,
AGE50,23,0.7575233887733888,0.7861226611226612,0.7412811850311851,0.7676715176715176,532,398,0.009831947331947366,2.0,True
AGE50_force,23,0.7575233887733888,0.7861226611226612,,,532,398,0.009831947331947366,2.0,True
AGE50_nodemo,23,0.7635005197505198,0.7775337837837839,0.7299116424116425,0.7732848232848233,528,395,0.00724185724185733,2.0,True
AGE_all,23,0.7412811850311851,0.7676715176715176,,,532,398,,,
REF50,24,0.7707250519750519,0.7439449064449064,0.7568087318087318,0.7392671517671516,534,400,,,
AGE50,24,0.7845893970893971,0.7473232848232847,0.7580171517671518,0.7441787941787941,532,398,0.005206167706167701,2.0,True
AGE50_force,24,0.7845893970893971,0.7473232848232847,,,532,398,0.005206167706167701,2.0,True
AGE50_nodemo,24,0.7887084199584201,0.74616683991684,0.7594594594594594,0.7446725571725572,528,395,0.0022392584892583964,8.0,True
AGE_all,24,0.7580171517671518,0.7441787941787941,,,532,398,,,
REF50,25,0.7748700623700624,0.7661512474012474,0.7455691268191269,0.7541450103950104,534,400,,,
AGE50,25,0.7832900207900209,0.7529755717255717,0.7614475051975051,0.7553404365904367,532,398,0.008051801801801725,1.0,True
AGE50_force,25,0.7832900207900209,0.7529755717255717,,,532,398,0.008051801801801725,1.0,True
AGE50_nodemo,25,0.7880847193347194,0.7616294178794178,0.748843555093555,0.7659303534303534,528,395,0.005582986832986747,1.0,True
AGE_all,25,0.7614475051975051,0.7553404365904367,,,532,398,,,
REF50,26,0.7563669438669438,0.7643840956340957,0.7499220374220374,0.7469854469854469,534,400,,,
AGE50,26,0.7566917879417879,0.7436330561330562,0.7415410602910604,0.7515462577962578,532,398,0.004374566874566906,1.0,True
AGE50_force,26,0.7566917879417879,0.7436330561330562,,,532,398,0.004374566874566906,1.0,True
AGE50_nodemo,26,0.7587967775467777,0.7565098752598752,0.7484667359667361,0.7618113305613305,528,395,0.004335585585585629,1.0,True
AGE_all,26,0.7415410602910604,0.7515462577962578,,,532,398,,,
REF50,27,0.7578482328482328,0.7588617463617464,0.7437499999999999,0.7599922037422039,534,400,,,
AGE50,27,0.7693866943866945,0.7613695426195426,0.7525077962577963,0.7483757796257796,532,398,0.003993416493416557,4.0,True
AGE50_force,27,0.7693866943866945,0.7613695426195426,,,532,398,0.003993416493416557,4.0,True
AGE50_nodemo,27,0.759264553014553,0.7507146569646569,0.7487136174636174,0.7583809771309772,528,395,0.00552668052668052,2.0,True
AGE_all,27,0.7525077962577963,0.7483757796257796,,,532,398,,,
REF50,28,0.7684901247401246,0.7617853430353432,0.7622011434511435,0.7729339916839918,534,400,,,
AGE50,28,0.7866554054054054,0.7717385654885656,0.7646309771309772,0.7721933471933471,532,398,0.0040800415800416046,1.0,True
AGE50_force,28,0.7866554054054054,0.7717385654885656,,,532,398,0.0040800415800416046,1.0,True
AGE50_nodemo,28,0.7799636174636175,0.7686850311850312,0.7622011434511435,0.7800805613305614,528,395,0.007835239085239198,2.0,True
AGE_all,28,0.7646309771309772,0.7721933471933471,,,532,398,,,
REF50,29,0.7730379417879417,0.7639163201663202,0.7500000000000001,0.762616943866944,534,400,,,
AGE50,29,0.7773908523908525,0.7626559251559252,0.755535343035343,0.7727260914760915,532,398,0.009294871794871725,1.0,True
AGE50_force,29,0.7773908523908525,0.7626559251559252,,,532,398,0.009294871794871725,1.0,True
AGE50_nodemo,29,0.7781704781704781,0.776533264033264,0.7528846153846154,0.76129158004158,528,395,0.0077312889812889045,1.0,True
AGE_all,29,0.755535343035343,0.7727260914760915,,,532,398,,,
