variable,category,train_count,val_count,test_count,train_pct,val_pct,test_pct,train_val_pp,train_test_pp,val_test_pp,max_pairwise_pp
daily_primary_source,3.0,4341,542,543,26.568333435338758,26.54260528893242,26.591576885406464,0.025728146406336805,-0.02324345006770656,-0.048971596474043366,0.048971596474043366
daily_primary_source,6.0,9670,1209,1208,59.18354856478365,59.20666013712047,59.157688540646426,-0.02311157233682337,0.025860024137223547,0.04897159647404692,0.04897159647404692
daily_primary_source,7.0,1333,167,166,8.158394026562213,8.178256611165525,8.12928501469148,-0.019862584603311362,0.02910901187073378,0.04897159647404514,0.04897159647404514
daily_primary_source,9.0,530,66,67,3.243772568700655,3.232125367286973,3.281096963761019,0.011647201413681696,-0.03732439506036389,-0.04897159647404559,0.04897159647404559
daily_primary_source,13.0,465,58,58,2.8459514046147256,2.840352595494613,2.840352595494613,0.00559880912011268,0.00559880912011268,0.0,0.00559880912011268
y_x_daily_primary_source,"(0.0, 3.0)",1469,183,184,8.990758308342004,8.961802154750245,9.01077375122429,0.02895615359175885,-0.020015442882286294,-0.04897159647404514,0.04897159647404514
y_x_daily_primary_source,"(0.0, 6.0)",3215,402,401,19.676846808250197,19.686581782566112,19.637610186092065,-0.009734974315914968,0.03923662215813195,0.04897159647404692,0.04897159647404692
y_x_daily_primary_source,"(0.0, 7.0)",490,61,61,2.998959544647775,2.9872673849167484,2.9872673849167484,0.011692159731026663,0.011692159731026663,0.0,0.011692159731026663
y_x_daily_primary_source,"(0.0, 9.0)",146,18,18,0.8935675377930106,0.881488736532811,0.881488736532811,0.012078801260199556,0.012078801260199556,0.0,0.012078801260199556
y_x_daily_primary_source,"(0.0, 13.0)",86,11,11,0.5263480017136912,0.5386875612144956,0.5386875612144956,-0.012339559500804342,-0.012339559500804342,0.0,0.012339559500804342
y_x_daily_primary_source,"(1.0, 3.0)",2872,359,359,17.577575126996756,17.580803134182172,17.580803134182172,-0.0032280071854167147,-0.0032280071854167147,0.0,0.0032280071854167147
y_x_daily_primary_source,"(1.0, 6.0)",6455,807,807,39.506701756533445,39.520078354554364,39.520078354554364,-0.013376598020919062,-0.013376598020919062,0.0,0.013376598020919062
y_x_daily_primary_source,"(1.0, 7.0)",843,106,105,5.159434481914438,5.190989226248776,5.14201762977473,-0.031554744334338025,0.017416852139708006,0.04897159647404603,0.04897159647404603
y_x_daily_primary_source,"(1.0, 9.0)",384,48,49,2.3502050309076443,2.3506366307541624,2.3996082272282075,-0.0004315998465180826,-0.049403196320563225,-0.04897159647404514,0.049403196320563225
y_x_daily_primary_source,"(1.0, 13.0)",379,47,47,2.319603402901034,2.3016650342801177,2.3016650342801177,0.017938368620916467,0.017938368620916467,0.0,0.017938368620916467
epoch_primary_source,3.0,4294,536,537,26.28067813207663,26.24877571008815,26.29774730656219,0.031902421988480256,-0.017069174485559557,-0.048971596474039814,0.048971596474039814
epoch_primary_source,6.0,9613,1201,1201,58.83469000550829,58.814887365328104,58.814887365328104,0.01980264018018829,0.01980264018018829,0.0,0.01980264018018829
epoch_primary_source,7.0,1339,168,167,8.195115980170145,8.227228207639568,8.178256611165525,-0.03211222746942255,0.016859369004620817,0.048971596474043366,0.048971596474043366
epoch_primary_source,9.0,599,75,75,3.6660750351918723,3.6728697355533786,3.6728697355533786,-0.006794700361506312,-0.006794700361506312,0.0,0.006794700361506312
epoch_primary_source,13.0,494,62,62,3.023440847053063,3.0362389813907935,3.0362389813907935,-0.01279813433773036,-0.01279813433773036,0.0,0.01279813433773036
y_x_epoch_primary_source,"(0.0, 3.0)",1456,182,182,8.911194075524818,8.9128305582762,8.9128305582762,-0.0016364827513815072,-0.0016364827513815072,0.0,0.0016364827513815072
y_x_epoch_primary_source,"(0.0, 6.0)",3211,401,401,19.65236550584491,19.637610186092065,19.637610186092065,0.014755319752843832,0.014755319752843832,0.0,0.014755319752843832
y_x_epoch_primary_source,"(0.0, 7.0)",497,62,62,3.0418018238570292,3.0362389813907935,3.0362389813907935,0.005562842466235729,0.005562842466235729,0.0,0.005562842466235729
y_x_epoch_primary_source,"(0.0, 9.0)",156,19,19,0.9547707938062305,0.930460333006856,0.930460333006856,0.02431046079937449,0.02431046079937449,0.0,0.02431046079937449
y_x_epoch_primary_source,"(0.0, 13.0)",86,11,11,0.5263480017136912,0.5386875612144956,0.5386875612144956,-0.012339559500804342,-0.012339559500804342,0.0,0.012339559500804342
y_x_epoch_primary_source,"(1.0, 3.0)",2838,354,355,17.36948405655181,17.33594515181195,17.384916748285995,0.03353890473985999,-0.015432691734186932,-0.04897159647404692,0.04897159647404692
y_x_epoch_primary_source,"(1.0, 6.0)",6402,800,800,39.18232449966339,39.17727717923604,39.17727717923604,0.005047320427344459,0.005047320427344459,0.0,0.005047320427344459
y_x_epoch_primary_source,"(1.0, 7.0)",842,106,105,5.153314156313115,5.190989226248776,5.14201762977473,-0.03767506993566094,0.011296526538385088,0.04897159647404603,0.04897159647404603
y_x_epoch_primary_source,"(1.0, 9.0)",443,56,56,2.711304241385642,2.742409402546523,2.742409402546523,-0.031105161160881245,-0.031105161160881245,0.0,0.031105161160881245
y_x_epoch_primary_source,"(1.0, 13.0)",408,51,51,2.497092845339372,2.497551420176298,2.497551420176298,-0.0004585748369256848,-0.0004585748369256848,0.0,0.0004585748369256848
age_group,Elderly,1934,242,242,11.83670971295673,11.851126346718903,11.851126346718903,-0.014416633762174058,-0.014416633762174058,0.0,0.014416633762174058
age_group,Middle Ager,11035,1379,1379,67.53779301058816,67.53183153770813,67.53183153770813,0.005961472880031238,0.005961472880031238,0.0,0.005961472880031238
age_group,Young Adults,3370,421,421,20.625497276455107,20.617042115572968,20.617042115572968,0.008455160882139268,0.008455160882139268,0.0,0.008455160882139268
y_x_age_group,"(0.0, 'Elderly')",487,61,61,2.9805985678438094,2.9872673849167484,2.9872673849167484,-0.006668817072938982,-0.006668817072938982,0.0,0.006668817072938982
y_x_age_group,"(0.0, 'Middle Ager')",3865,483,483,23.655058449109493,23.65328109696376,23.65328109696376,0.0017773521457336017,0.0017773521457336017,0.0,0.0017773521457336017
y_x_age_group,"(0.0, 'Young Adults')",1054,131,131,6.450823183793378,6.415279138099902,6.415279138099902,0.03554404569347547,0.03554404569347547,0.0,0.03554404569347547
y_x_age_group,"(1.0, 'Elderly')",1447,181,181,8.85611114511292,8.863858961802155,8.863858961802155,-0.0077478166892355205,-0.0077478166892355205,0.0,0.0077478166892355205
y_x_age_group,"(1.0, 'Middle Ager')",7170,896,896,43.88273456147867,43.87855044074437,43.87855044074437,0.004184120734301189,0.004184120734301189,0.0,0.004184120734301189
y_x_age_group,"(1.0, 'Young Adults')",2316,290,290,14.174674092661729,14.201762977473065,14.201762977473065,-0.0270888848113362,-0.0270888848113362,0.0,0.0270888848113362
bmi_grp,normal,7383,923,923,45.18636391456026,45.20078354554358,45.20078354554358,-0.01441963098331911,-0.01441963098331911,0.0,0.01441963098331911
bmi_grp,obese,3176,397,397,19.438154109798642,19.441723800195888,19.441723800195888,-0.0035696903972457505,-0.0035696903972457505,0.0,0.0035696903972457505
bmi_grp,overweight,5565,695,695,34.05961197135687,34.03525954946131,34.03525954946131,0.02435242189556419,0.02435242189556419,0.0,0.02435242189556419
bmi_grp,underweight,215,27,27,1.315870004284228,1.3222331047992164,1.3222331047992164,-0.006363100514988451,-0.006363100514988451,0.0,0.006363100514988451
y_x_bmi_grp,"(0.0, 'normal')",2673,334,334,16.35963033233368,16.35651322233105,16.35651322233105,0.0031171100026305965,0.0031171100026305965,0.0,0.0031171100026305965
y_x_bmi_grp,"(0.0, 'obese')",1003,125,125,6.138686578125956,6.121449559255632,6.121449559255632,0.017237018870323695,0.017237018870323695,0.0,0.017237018870323695
y_x_bmi_grp,"(0.0, 'overweight')",1619,202,202,9.908807148540303,9.892262487757101,9.892262487757101,0.016544660783202048,0.016544660783202048,0.0,0.016544660783202048
y_x_bmi_grp,"(0.0, 'underweight')",111,14,14,0.679356141746741,0.6856023506366308,0.6856023506366308,-0.006246208889889804,-0.006246208889889804,0.0,0.006246208889889804
y_x_bmi_grp,"(1.0, 'normal')",4710,589,589,28.826733582226577,28.844270323212534,28.844270323212534,-0.01753674098595681,-0.01753674098595681,0.0,0.01753674098595681
y_x_bmi_grp,"(1.0, 'obese')",2173,272,272,13.299467531672684,13.320274240940256,13.320274240940256,-0.020806709267571222,-0.020806709267571222,0.0,0.020806709267571222
y_x_bmi_grp,"(1.0, 'overweight')",3946,493,493,24.150804822816575,24.14299706170421,24.14299706170421,0.00780776111236392,0.00780776111236392,0.0,0.00780776111236392
y_x_bmi_grp,"(1.0, 'underweight')",104,13,13,0.636513862537487,0.6366307541625857,0.6366307541625857,-0.00011689162509875839,-0.00011689162509875839,0.0,0.00011689162509875839
daily_multisource,False,14013,1751,1751,85.76412265132505,85.74926542605289,85.74926542605289,0.014857225272166374,0.014857225272166374,0.0,0.014857225272166374
daily_multisource,True,2326,291,291,14.235877348674949,14.25073457394711,14.25073457394711,-0.014857225272161045,-0.014857225272161045,0.0,0.014857225272161045
y_x_daily_multisource,"(0.0, False)",4952,619,618,30.307852377746496,30.31341821743389,30.264446620959845,-0.005565839687395879,0.04340575678665104,0.04897159647404692,0.04897159647404692
y_x_daily_multisource,"(0.0, True)",454,56,57,2.7786278230001833,2.742409402546523,2.791380999020568,0.036218420453660194,-0.012753176020384505,-0.0489715964740447,0.0489715964740447
y_x_daily_multisource,"(1.0, False)",9061,1132,1133,55.45627027357855,55.435847208619,55.48481880509305,0.020423064959551596,-0.028548531514495323,-0.04897159647404692,0.04897159647404692
y_x_daily_multisource,"(1.0, True)",1872,235,234,11.457249525674767,11.508325171400587,11.459353574926542,-0.05107564572582035,-0.0021040492517752085,0.04897159647404514,0.05107564572582035
epoch_multisource,False,14392,1799,1799,88.08372605422609,88.09990205680705,88.09990205680705,-0.016176002580962745,-0.016176002580962745,0.0,0.016176002580962745
epoch_multisource,True,1947,243,243,11.916273945773916,11.900097943192948,11.900097943192948,0.016176002580968074,0.016176002580968074,0.0,0.016176002580968074
y_x_epoch_multisource,"(0.0, False)",5021,628,627,30.73015484423771,30.754162585700296,30.70519098922625,-0.02400774146258655,0.024963855011460367,0.04897159647404692,0.04897159647404692
y_x_epoch_multisource,"(0.0, True)",385,47,48,2.3563253565089664,2.3016650342801177,2.3506366307541624,0.054660322228848646,0.005688725754803947,-0.0489715964740447,0.054660322228848646
y_x_epoch_multisource,"(1.0, False)",9371,1171,1172,57.353571209988374,57.34573947110676,57.39471106758081,0.007831738881613148,-0.04113985759243377,-0.04897159647404692,0.04897159647404692
y_x_epoch_multisource,"(1.0, True)",1562,196,195,9.55994858926495,9.59843290891283,9.549461312438785,-0.03848431964788013,0.010487276826165015,0.04897159647404514,0.04897159647404514
daily_src_3,0,11761,1470,1470,71.98114939714793,71.98824681684623,71.98824681684623,-0.007097419698297358,-0.007097419698297358,0.0,0.007097419698297358
daily_src_3,1,4578,572,572,28.01885060285207,28.011753183153772,28.011753183153772,0.007097419698297358,0.007097419698297358,0.0,0.007097419698297358
y_x_daily_src_3,"(0.0, 0)",3861,482,482,23.630577146704205,23.604309500489716,23.604309500489716,0.02626764621448885,0.02626764621448885,0.0,0.02626764621448885
y_x_daily_src_3,"(0.0, 1)",1545,193,193,9.455903054042475,9.451518119490695,9.451518119490695,0.0043849345517799065,0.0043849345517799065,0.0,0.0043849345517799065
y_x_daily_src_3,"(1.0, 0)",7900,988,988,48.350572250443726,48.383937316356516,48.383937316356516,-0.03336506591278976,-0.03336506591278976,0.0,0.03336506591278976
y_x_daily_src_3,"(1.0, 1)",3033,379,379,18.562947548809596,18.560235063663075,18.560235063663075,0.0027124851465210043,0.0027124851465210043,0.0,0.0027124851465210043
daily_src_6,0,5846,730,731,35.77942346532835,35.74926542605289,35.79823702252693,0.03015803927546301,-0.018813557198583908,-0.04897159647404692,0.04897159647404692
daily_src_6,1,10493,1312,1311,64.22057653467165,64.25073457394711,64.20176297747307,-0.03015803927546301,0.018813557198583908,0.04897159647404692,0.04897159647404692
y_x_daily_src_6,"(0.0, 0)",2016,251,252,12.338576412265132,12.29187071498531,12.340842311459353,0.046705697279822544,-0.0022658991942208218,-0.048971596474043366,0.048971596474043366
y_x_daily_src_6,"(0.0, 1)",3390,424,423,20.747903788481548,20.763956904995105,20.714985308521058,-0.01605311651355734,0.03291847996048958,0.04897159647404692,0.04897159647404692
y_x_daily_src_6,"(1.0, 0)",3830,479,479,23.440847053063223,23.45739471106758,23.45739471106758,-0.01654765800435598,-0.01654765800435598,0.0,0.01654765800435598
y_x_daily_src_6,"(1.0, 1)",7103,888,888,43.4726727461901,43.48677766895201,43.48677766895201,-0.014104922761909222,-0.014104922761909222,0.0,0.014104922761909222
daily_src_7,0,14930,1866,1866,91.37646122773731,91.38099902056807,91.38099902056807,-0.004537792830760168,-0.004537792830760168,0.0,0.004537792830760168
daily_src_7,1,1409,176,176,8.623538772262684,8.619000979431929,8.619000979431929,0.004537792830754839,0.004537792830754839,0.0,0.004537792830754839
y_x_daily_src_7,"(0.0, 0)",4895,612,611,29.958993818471143,29.97061704211557,29.921645445641527,-0.011623223644427583,0.037348372829615784,0.048971596474043366,0.048971596474043366
y_x_daily_src_7,"(0.0, 1)",511,63,64,3.127486382275537,3.085210577864838,3.1341821743388834,0.042275804410699,-0.00669579206334614,-0.04897159647404514,0.04897159647404514
y_x_daily_src_7,"(1.0, 0)",10035,1254,1255,61.417467409266166,61.4103819784525,61.459353574926546,0.007085430813667415,-0.041886165660379504,-0.04897159647404692,0.04897159647404692
y_x_daily_src_7,"(1.0, 1)",898,113,112,5.496052389987147,5.533790401567091,5.484818805093046,-0.037738011579944164,0.011233584894100979,0.04897159647404514,0.04897159647404514
daily_src_9,0,15214,1902,1901,93.11463369851276,93.1439764936337,93.09500489715965,-0.029342795120939513,0.019628801353107406,0.04897159647404692,0.04897159647404692
daily_src_9,1,1125,140,141,6.885366301487239,6.8560235063663075,6.904995102840353,0.02934279512093152,-0.019628801353113623,-0.04897159647404514,0.04897159647404514
y_x_daily_src_9,"(0.0, 0)",5191,649,648,31.77061019646245,31.782566111655242,31.733594515181196,-0.011955915192793043,0.037015681281253876,0.04897159647404692,0.04897159647404692
y_x_daily_src_9,"(0.0, 1)",215,26,27,1.315870004284228,1.2732615083251715,1.3222331047992164,0.04260849595905647,-0.006363100514988451,-0.04897159647404492,0.04897159647404492
y_x_daily_src_9,"(1.0, 0)",10023,1253,1253,61.344023502050305,61.36141038197845,61.36141038197845,-0.01738687992814647,-0.01738687992814647,0.0,0.01738687992814647
y_x_daily_src_9,"(1.0, 1)",910,114,114,5.569496297203011,5.582761998041136,5.582761998041136,-0.01326570083812495,-0.01326570083812495,0.0,0.01326570083812495
daily_src_13,0,15637,1954,1954,95.70353142787195,95.69049951028403,95.69049951028403,0.013031917587923658,0.013031917587923658,0.0,0.013031917587923658
daily_src_13,1,702,88,88,4.296468572128037,4.3095004897159646,4.3095004897159646,-0.013031917587927211,-0.013031917587927211,0.0,0.013031917587927211
y_x_daily_src_13,"(0.0, 0)",5283,660,660,32.33368015178407,32.32125367286974,32.32125367286974,0.012426478914335348,0.012426478914335348,0.0,0.012426478914335348
y_x_daily_src_13,"(0.0, 1)",123,15,15,0.7528000489626048,0.7345739471106758,0.7345739471106758,0.018226101851928966,0.018226101851928966,0.0,0.018226101851928966
y_x_daily_src_13,"(1.0, 0)",10354,1294,1294,63.369851276087886,63.3692458374143,63.3692458374143,0.0006054386735883099,0.0006054386735883099,0.0,0.0006054386735883099
y_x_daily_src_13,"(1.0, 1)",579,73,73,3.543668523165432,3.574926542605289,3.574926542605289,-0.031258019439857065,-0.031258019439857065,0.0,0.031258019439857065
epoch_src_3,0,11797,1474,1474,72.20148111879551,72.1841332027424,72.1841332027424,0.01734791605311159,0.01734791605311159,0.0,0.01734791605311159
epoch_src_3,1,4542,568,568,27.79851888120448,27.815866797257588,27.815866797257588,-0.017347916053108037,-0.017347916053108037,0.0,0.017347916053108037
y_x_epoch_src_3,"(0.0, 0)",3881,484,485,23.752983658730646,23.702252693437806,23.75122428991185,0.05073096529283916,0.0017593688187957923,-0.048971596474043366,0.05073096529283916
y_x_epoch_src_3,"(0.0, 1)",1525,191,190,9.333496542016036,9.353574926542606,9.30460333006856,-0.020078384526570403,0.028893211947476516,0.04897159647404692,0.04897159647404692
y_x_epoch_src_3,"(1.0, 0)",7916,990,989,48.44849746006488,48.4818805093046,48.432908912830555,-0.033383049239724016,0.015588547234322903,0.04897159647404692,0.04897159647404692
y_x_epoch_src_3,"(1.0, 1)",3017,377,378,18.465022339188444,18.462291870714985,18.51126346718903,0.0027304684734588136,-0.04624112800058455,-0.048971596474043366,0.048971596474043366
epoch_src_6,0,5812,727,726,35.571332394883406,35.60235063663075,35.553379040156706,-0.03101824174734702,0.0179533547266999,0.04897159647404692,0.04897159647404692
epoch_src_6,1,10527,1315,1316,64.4286676051166,64.39764936336925,64.44662095984329,0.03101824174734702,-0.01795335472668569,-0.04897159647403271,0.04897159647403271
y_x_epoch_src_6,"(0.0, 0)",1996,249,249,12.216169900238691,12.193927522037217,12.193927522037217,0.02224237820147401,0.02224237820147401,0.0,0.02224237820147401
y_x_epoch_src_6,"(0.0, 1)",3410,426,426,20.870310300507988,20.86190009794319,20.86190009794319,0.00841020256479652,0.00841020256479652,0.0,0.00841020256479652
y_x_epoch_src_6,"(1.0, 0)",3816,478,477,23.355162494644716,23.408423114593536,23.35945151811949,-0.053260619948819254,-0.0042890234747723355,0.04897159647404692,0.053260619948819254
y_x_epoch_src_6,"(1.0, 1)",7117,889,890,43.558357304608606,43.535749265426055,43.5847208619001,0.0226080391825505,-0.02636355729149642,-0.04897159647404692,0.04897159647404692
epoch_src_7,0,14925,1865,1865,91.3458595997307,91.33202742409402,91.33202742409402,0.013832175636679267,0.013832175636679267,0.0,0.013832175636679267
epoch_src_7,1,1414,177,177,8.654140400269295,8.667972575905974,8.667972575905974,-0.013832175636679267,-0.013832175636679267,0.0,0.013832175636679267
y_x_epoch_src_7,"(0.0, 0)",4891,611,611,29.934512516065855,29.921645445641527,29.921645445641527,0.012867070424327665,0.012867070424327665,0.0,0.012867070424327665
y_x_epoch_src_7,"(0.0, 1)",515,64,64,3.1519676846808253,3.1341821743388834,3.1341821743388834,0.01778551034194198,0.01778551034194198,0.0,0.01778551034194198
y_x_epoch_src_7,"(1.0, 0)",10034,1254,1254,61.41134708366485,61.4103819784525,61.4103819784525,0.0009651052123516024,0.0009651052123516024,0.0,0.0009651052123516024
y_x_epoch_src_7,"(1.0, 1)",899,113,113,5.502172715588469,5.533790401567091,5.533790401567091,-0.031617685978622134,-0.031617685978622134,0.0,0.031617685978622134
epoch_src_9,0,15192,1898,1899,92.97998653528367,92.94809010773751,92.99706170421156,0.03189642754615818,-0.01707516892788874,-0.04897159647404692,0.04897159647404692
epoch_src_9,1,1147,144,143,7.020013464716322,7.051909892262488,7.002938295788443,-0.03189642754616617,0.01707516892787897,0.04897159647404514,0.04897159647404514
y_x_epoch_src_9,"(0.0, 0)",5188,648,648,31.752249219658484,31.733594515181196,31.733594515181196,0.018654704477288675,0.018654704477288675,0.0,0.018654704477288675
y_x_epoch_src_9,"(0.0, 1)",218,27,27,1.3342309810881938,1.3222331047992164,1.3222331047992164,0.011997876288977416,0.011997876288977416,0.0,0.011997876288977416
y_x_epoch_src_9,"(1.0, 0)",10004,1250,1251,61.227737315625184,61.21449559255632,61.263467189030365,0.013241723068865952,-0.03572987340518097,-0.04897159647404692,0.04897159647404692
y_x_epoch_src_9,"(1.0, 1)",929,117,116,5.685782483628129,5.729676787463271,5.680705190989226,-0.04389430383514181,0.00507729263890333,0.04897159647404514,0.04897159647404514
epoch_src_13,0,15604,1950,1950,95.50156068302834,95.49461312438785,95.49461312438785,0.00694755864049057,0.00694755864049057,0.0,0.00694755864049057
epoch_src_13,1,735,92,92,4.4984393169716625,4.505386875612145,4.505386875612145,-0.006947558640482576,-0.006947558640482576,0.0,0.006947558640482576
y_x_epoch_src_13,"(0.0, 0)",5276,659,659,32.290837872574826,32.27228207639569,32.27228207639569,0.018555796179136053,0.018555796179136053,0.0,0.018555796179136053
y_x_epoch_src_13,"(0.0, 1)",130,16,16,0.7956423281718586,0.7835455435847208,0.7835455435847208,0.01209678458713781,0.01209678458713781,0.0,0.01209678458713781
y_x_epoch_src_13,"(1.0, 0)",10328,1291,1291,63.21072281045351,63.222331047992164,63.222331047992164,-0.011608237538652588,-0.011608237538652588,0.0,0.011608237538652588
y_x_epoch_src_13,"(1.0, 1)",605,76,76,3.7027969887998045,3.721841332027424,3.721841332027424,-0.01904434322761972,-0.01904434322761972,0.0,0.01904434322761972
_rarity,1-2,192,24,24,1.1751025154538222,1.1753183153770812,1.1753183153770812,-0.0002157999232590413,-0.0002157999232590413,0.0,0.0002157999232590413
_rarity,3-9,385,48,48,2.3563253565089664,2.3506366307541624,2.3506366307541624,0.005688725754803947,0.005688725754803947,0.0,0.005688725754803947
_rarity,>=10,15762,1970,1970,96.46857212803721,96.47404505386875,96.47404505386875,-0.005472925831540465,-0.005472925831540465,0.0,0.005472925831540465
y_x__rarity,"(0.0, '1-2')",71,12,10,0.43454311769386134,0.5876591576885406,0.4897159647404506,-0.15311603999467926,-0.05517284704658926,0.09794319294809001,0.15311603999467926
y_x__rarity,"(0.0, '3-9')",152,15,16,0.9302894914009424,0.7345739471106758,0.7835455435847208,0.1957155442902666,0.14674394781622158,-0.04897159647404503,0.1957155442902666
y_x__rarity,"(0.0, '>=10')",5183,648,649,31.721647591651873,31.733594515181196,31.782566111655242,-0.011946923529322362,-0.06091852000336928,-0.04897159647404692,0.06091852000336928
y_x__rarity,"(1.0, '1-2')",121,12,14,0.7405593977599608,0.5876591576885406,0.6856023506366308,0.15290024007142022,0.05495704712333005,-0.09794319294809017,0.15290024007142022
y_x__rarity,"(1.0, '3-9')",233,33,32,1.4260358651080238,1.6160626836434866,1.5670910871694417,-0.19002681853546277,-0.14105522206141785,0.04897159647404492,0.19002681853546277
y_x__rarity,"(1.0, '>=10')",10579,1322,1321,64.74692453638534,64.74045053868757,64.69147894221352,0.006473997697767686,0.055445594171814605,0.04897159647404692,0.055445594171814605
