arm,alloc,auroc_val,auroc_test,n_a0,n_hygiene,alloc_seed,all_opt,n_train,n_val,n_test,wall_alloc_s
BASE,0,0.7423800723600303,0.7356326390538792,400,400,2256801314,True,2696,579,573,2.1
R1a_only,0,0.7050678049923216,0.7071091048282782,35,35,2256801314,True,2696,579,573,2.1
BASE_x_R1a,0,0.7591426117285718,0.7486602782397509,435,435,2256801314,True,2696,579,573,2.1
R1a_resid_only,0,0.7056534527187069,0.6941342625590666,35,35,2256801314,True,2696,579,573,2.1
BASE_x_R1a_resid,0,0.755368437491866,0.7379161056994272,435,435,2256801314,True,2696,579,573,2.1
BASE,1,0.7244592519326375,0.7037037037037037,400,400,3414674331,True,2696,579,573,12.4
R1a_only,1,0.6446289596293501,0.6668910535624719,35,35,3414674331,True,2696,579,573,12.4
BASE_x_R1a,1,0.7122127072542231,0.7056307911617961,435,435,3414674331,True,2696,579,573,12.4
R1a_resid_only,1,0.6635128452067988,0.654312188168211,35,35,3414674331,True,2696,579,573,12.4
BASE_x_R1a_resid,1,0.7276217496551186,0.7087326100155749,435,435,3414674331,True,2696,579,573,12.4
BASE,2,0.7882427965329655,0.7055779942451361,400,400,1344715685,True,2696,579,573,2.2
R1a_only,2,0.711900361800151,0.684261239143634,35,35,1344715685,True,2696,579,573,2.2
BASE_x_R1a,2,0.7923683594055024,0.7167841398062353,435,435,1344715685,True,2696,579,573,2.2
R1a_resid_only,2,0.7141518519482548,0.6725139251867691,35,35,1344715685,True,2696,579,573,2.2
BASE_x_R1a_resid,2,0.7873317889585882,0.7067527256408227,435,435,1344715685,True,2696,579,573,2.2
BASE,3,0.7575938988521305,0.7616747181964574,400,400,3106585843,True,2696,579,573,2.1
R1a_only,3,0.700642911059632,0.6938966764340961,35,35,3106585843,True,2696,579,573,2.1
BASE_x_R1a,3,0.7608735261198885,0.7712705577994245,435,435,3106585843,True,2696,579,573,2.1
R1a_resid_only,3,0.6883443088055389,0.698450410496027,35,35,3106585843,True,2696,579,573,2.1
BASE_x_R1a_resid,3,0.7603919935448606,0.7650141231752065,435,435,3106585843,True,2696,579,573,2.1
BASE,4,0.7667393901615501,0.768889183457052,400,400,2675366730,True,2696,579,573,2.2
R1a_only,4,0.6808867071840422,0.6874734888653233,35,35,2675366730,True,2696,579,573,2.2
BASE_x_R1a,4,0.7620772946859903,0.7740853658536585,435,435,2675366730,True,2696,579,573,2.2
R1a_resid_only,4,0.6866136824061089,0.6894618239660657,35,35,2675366730,True,2696,579,573,2.2
BASE_x_R1a_resid,4,0.7618045815801775,0.7701749734888653,435,435,2675366730,True,2696,579,573,2.2
BASE,5,0.752038855124409,0.7593714451998624,400,400,2342924474,True,2696,579,573,2.9
R1a_only,5,0.7039114851176562,0.7286711991746249,35,35,2342924474,True,2696,579,573,2.9
BASE_x_R1a,5,0.7551425899953248,0.7782333800693103,435,435,2342924474,True,2696,579,573,2.9
R1a_resid_only,5,0.705417900368812,0.7153382185656464,35,35,2342924474,True,2696,579,573,2.9
BASE_x_R1a_resid,5,0.7551296036569528,0.7695960424327399,435,435,2342924474,True,2696,579,573,2.9
BASE,6,0.7490280945469625,0.7473356309650053,400,400,1780492483,True,2696,579,573,2.0
R1a_only,6,0.7194692100352478,0.6912380699893955,35,35,1780492483,True,2696,579,573,2.0
BASE_x_R1a,6,0.7574253576612067,0.7621818663838813,435,435,1780492483,True,2696,579,573,2.0
R1a_resid_only,6,0.7223201326974912,0.7106442205726404,35,35,1780492483,True,2696,579,573,2.0
BASE_x_R1a_resid,6,0.7507256894049346,0.7629374337221633,435,435,1780492483,True,2696,579,573,2.0
BASE,7,0.7415329073814346,0.7480116648992577,400,400,271739077,True,2696,579,573,2.1
R1a_only,7,0.6702638823957197,0.6820917285259809,35,35,271739077,True,2696,579,573,2.1
BASE_x_R1a,7,0.7470650875279208,0.752120890774125,435,435,271739077,True,2696,579,573,2.1
R1a_resid_only,7,0.6567451041504337,0.7026378579003181,35,35,271739077,True,2696,579,573,2.1
BASE_x_R1a_resid,7,0.7480390629058231,0.7528764581124073,435,435,271739077,True,2696,579,573,2.1
BASE,8,0.7607843137254902,0.7341148577449947,400,400,199442435,True,2696,579,573,2.0
R1a_only,8,0.6819738562091503,0.6886986301369863,35,35,199442435,True,2696,579,573,2.0
BASE_x_R1a,8,0.7712679738562092,0.7384747102212855,435,435,199442435,True,2696,579,573,2.0
R1a_resid_only,8,0.6952941176470588,0.6769625922023182,35,35,199442435,True,2696,579,573,2.0
BASE_x_R1a_resid,8,0.7721307189542485,0.7372102212855638,435,435,199442435,True,2696,579,573,2.0
BASE,9,0.7182484026803801,0.7506627783669142,400,400,3544586559,True,2696,579,573,2.3
R1a_only,9,0.6557061970806711,0.6979453870625663,35,35,3544586559,True,2696,579,573,2.3
BASE_x_R1a,9,0.7202353124513012,0.7620360551431601,435,435,3544586559,True,2696,579,573,2.3
R1a_resid_only,9,0.6720949561061763,0.6917550371155885,35,35,3544586559,True,2696,579,573,2.3
BASE_x_R1a_resid,9,0.719806763285024,0.7633748674443265,435,435,3544586559,True,2696,579,573,2.3
