channel,source,files,events,zero_duration_frac,median_duration_s,median_events_per_day,representation
3000,3,59,29237326,0.0,60.0,1410.5,interval
3000,6,137,16798683,0.9495005478585493,0.0,262.0,point-event
3000,7,24,166319,0.0,60.0,17.0,interval
3000,9,18,1016850,0.0,1.0,57.75,interval
3000,13,3,171221,0.0,60.0,847.0,interval
3001,3,57,14728460,0.0,60.0,797.0,interval
3001,6,137,5406349,0.9336583788695155,46352.5,109.0,point-event
3001,7,23,103465,0.0,60.0,14.0,interval
3001,9,15,210556,0.0,1.0,52.5,interval
3001,13,3,118370,0.0,60.0,978.0,interval
3002,3,57,332615,0.0,3600.0,18.0,interval
3002,6,136,422157,0.0,3600.0,14.0,interval
3002,7,23,58456,0.0,3600.0,13.0,interval
3002,9,15,28905,0.0,3600.0,11.0,interval
3002,13,3,2298,0.0,3600.0,23.0,interval
