variable,split,n,mean,sd,median,q25,q75,smd_vs_train
birth_year,train,16339,1972.310484117755,12.312583033097109,1970.0,1965.0,1980.0,
birth_year,val,2042,1972.3139079333987,12.442947409379256,1970.0,1965.0,1980.0,-0.00027660632671706506
birth_year,test,2042,1972.1292850146915,12.3262817321599,1975.0,1965.0,1980.0,0.014708394788838284
epoch_span_days,train,16339,476.5295305710264,274.52830114954287,453.0,256.0,730.0,
epoch_span_days,val,2042,470.33692458374145,270.4138989125357,432.0,255.25,709.0,0.02272692219288595
epoch_span_days,test,2042,476.5558276199804,272.45072835381615,460.0,254.25,724.75,-9.615308026820262e-05
adequate_days_max,train,16339,289.17534732847787,184.38699520267608,284.0,123.0,424.0,
adequate_days_max,val,2042,287.74583741429973,179.66636166454919,286.0,128.0,422.0,0.007852638760892334
adequate_days_max,test,2042,288.36532810969635,184.20358050712895,280.0,125.0,425.0,0.004395224250834675
valid_events,train,16339,324816.9679906971,378463.94138808904,174729.0,57936.5,427826.5,
valid_events,val,2042,324495.20176297746,391973.0881893615,170895.0,56378.75,427157.0,0.0008351539774329939
valid_events,test,2042,317954.6087169442,367501.46975491766,173175.5,57245.5,427699.25,0.018396612719606846
