alloc,arm,auroc_val,auroc_test,n_cols,alpha,boundary
0,H_clock,0.830409432832713,0.8525250125392676,19121,10000.0,False
0,H_global,0.8234207032978473,0.8525250125392677,19121,10000.0,False
0,H_linear,0.8281969858663683,0.8528681924975581,19121,10000.0,False
0,H_pchip,0.8277544964730992,0.8529341886433832,19121,10000.0,False
1,H_clock,0.8153387646737291,0.8284892162297721,19121,1000.0,False
1,H_global,0.8110310002863168,0.8316306327710461,19121,10000.0,False
1,H_linear,0.8143106275540748,0.8294659591879834,19121,10000.0,False
1,H_pchip,0.8133866055857779,0.8297035453129538,19121,10000.0,False
2,H_clock,0.8475754184127644,0.8580950872469048,19115,10000.0,False
2,H_global,0.8458184752336083,0.8613420976214989,19115,10000.0,False
2,H_linear,0.849722793409511,0.8587550487051556,19115,10000.0,False
2,H_pchip,0.8497878653791093,0.859177424038436,19115,10000.0,False
