arm,repeat,auroc_val,auroc_test,n_a0,n_hygiene
BASE,0,0.7122011434511435,0.7164760914760915,400,400
R1a_only,0,0.6765592515592516,0.640683471933472,35,35
BASE_x_R1a,0,0.7153456340956341,0.7162941787941788,435,435
R1a_resid_only,0,0.6778326403326402,0.653560291060291,35,35
BASE_x_R1a_resid,0,0.7153066528066528,0.7200493762993763,435,435
BASE,1,0.7567567567567568,0.7572375259875261,400,400
R1a_only,1,0.699454261954262,0.7003898128898128,35,35
BASE_x_R1a,1,0.7535732848232848,0.7612785862785862,435,435
R1a_resid_only,1,0.6936460498960499,0.7062110187110187,35,35
BASE_x_R1a_resid,1,0.7497661122661123,0.758497920997921,435,435
BASE,2,0.7348102910602909,0.7474922037422037,400,400
R1a_only,2,0.6927754677754678,0.6975181912681911,35,35
BASE_x_R1a,2,0.7393711018711019,0.747920997920998,435,435
R1a_resid_only,2,0.6758316008316008,0.6840566528066528,35,35
BASE_x_R1a_resid,2,0.7366034303534303,0.7522219334719336,435,435
BASE,3,0.750818607068607,0.72872920997921,400,400
R1a_only,3,0.7014682952182953,0.6930483367983369,35,35
BASE_x_R1a,3,0.7537811850311851,0.7377988565488565,435,435
R1a_resid_only,3,0.6843425155925156,0.6939059251559251,35,35
BASE_x_R1a_resid,3,0.7495192307692308,0.7398778586278586,435,435
BASE,4,0.7578742203742204,0.7440098752598754,400,400
R1a_only,4,0.7158004158004159,0.6952442827442827,35,35
BASE_x_R1a,4,0.7556782744282744,0.7437240124740125,435,435
R1a_resid_only,4,0.7149038461538462,0.6872401247401247,35,35
BASE_x_R1a_resid,4,0.7546777546777547,0.7486486486486486,435,435
BASE,5,0.7216735966735967,0.7336018711018711,400,400
R1a_only,5,0.681574844074844,0.6976351351351352,35,35
BASE_x_R1a,5,0.7358367983367984,0.7399818087318087,435,435
R1a_resid_only,5,0.6955561330561332,0.7002468814968815,35,35
BASE_x_R1a_resid,5,0.7235966735966737,0.7313279625779625,435,435
BASE,6,0.7373830561330561,0.7370322245322245,400,400
R1a_only,6,0.6739864864864864,0.6803014553014554,35,35
BASE_x_R1a,6,0.7357978170478171,0.7273778586278586,435,435
R1a_resid_only,6,0.688214656964657,0.6640072765072766,35,35
BASE_x_R1a_resid,6,0.7350441787941788,0.7331081081081081,435,435
BASE,7,0.7558341995841997,0.7538981288981289,400,400
R1a_only,7,0.6765852390852392,0.7186070686070687,35,35
BASE_x_R1a,7,0.7659953222453223,0.7571855509355508,435,435
R1a_resid_only,7,0.6791839916839917,0.7074194386694387,35,35
BASE_x_R1a_resid,7,0.7600311850311852,0.7603430353430352,435,435
BASE,8,0.7601221413721413,0.7642151767151768,400,400
R1a_only,8,0.6807172557172556,0.7078872141372141,35,35
BASE_x_R1a,8,0.7647869022869023,0.7625389812889812,435,435
R1a_resid_only,8,0.674454261954262,0.7040670478170479,35,35
BASE_x_R1a_resid,8,0.7670348232848234,0.7751299376299376,435,435
BASE,9,0.748245841995842,0.7595504158004158,400,400
R1a_only,9,0.6879677754677754,0.6835888773388774,35,35
BASE_x_R1a,9,0.7511434511434513,0.7565488565488566,435,435
R1a_resid_only,9,0.6971933471933472,0.676754158004158,35,35
BASE_x_R1a_resid,9,0.7608238045738045,0.7644620582120583,435,435
BASE,10,0.7508965696465697,0.7227650727650727,400,400
R1a_only,10,0.6784173596673597,0.6707900207900208,35,35
BASE_x_R1a,10,0.7469984407484407,0.7233627858627858,435,435
R1a_resid_only,10,0.6676325363825364,0.6812499999999999,35,35
BASE_x_R1a_resid,10,0.7473102910602911,0.7323934511434511,435,435
BASE,11,0.7663461538461539,0.7273778586278588,400,400
R1a_only,11,0.7040800415800416,0.6736486486486486,35,35
BASE_x_R1a,11,0.7710758835758836,0.7368113305613305,435,435
R1a_resid_only,11,0.6954521829521829,0.6792489604989604,35,35
BASE_x_R1a_resid,11,0.7727390852390854,0.7347843035343036,435,435
BASE,12,0.7553274428274428,0.7310420997920998,400,400
R1a_only,12,0.7012214137214138,0.6525727650727651,35,35
BASE_x_R1a,12,0.7633575883575883,0.7211278586278587,435,435
R1a_resid_only,12,0.7094074844074845,0.662720893970894,35,35
BASE_x_R1a_resid,12,0.765293659043659,0.7299636174636175,435,435
BASE,13,0.7540540540540541,0.745335239085239,400,400
R1a_only,13,0.6917359667359667,0.6928924116424116,35,35
BASE_x_R1a,13,0.7582120582120584,0.7438799376299376,435,435
R1a_resid_only,13,0.7093555093555095,0.6808471933471936,35,35
BASE_x_R1a_resid,13,0.7576273388773389,0.7391891891891891,435,435
BASE,14,0.7528716216216217,0.7409563409563409,400,400
R1a_only,14,0.6888123700623701,0.6954132016632018,35,35
BASE_x_R1a,14,0.7589267151767152,0.7346543659043658,435,435
R1a_resid_only,14,0.6815748440748441,0.6918659043659043,35,35
BASE_x_R1a_resid,14,0.7553534303534303,0.7294308731808732,435,435
BASE,15,0.72258316008316,0.7335369022869023,400,400
R1a_only,15,0.6916969854469854,0.7083290020790022,35,35
BASE_x_R1a,15,0.7324064449064448,0.739254158004158,435,435
R1a_resid_only,15,0.7075233887733888,0.7008575883575884,35,35
BASE_x_R1a_resid,15,0.7320945945945945,0.736564449064449,435,435
BASE,16,0.7617983367983368,0.7328352390852391,400,400
R1a_only,16,0.6979859667359669,0.6531055093555094,35,35
BASE_x_R1a,16,0.7625129937629938,0.7435680873180874,435,435
R1a_resid_only,16,0.6947115384615384,0.6514293139293139,35,35
BASE_x_R1a_resid,16,0.7706081081081081,0.7390462577962578,435,435
BASE,17,0.7376039501039502,0.759654365904366,400,400
R1a_only,17,0.676806133056133,0.7028456340956342,35,35
BASE_x_R1a,17,0.742320686070686,0.7649298336798336,435,435
R1a_resid_only,17,0.6819516632016631,0.6915670478170477,35,35
BASE_x_R1a_resid,17,0.7490904365904367,0.7667489604989605,435,435
BASE,18,0.7196595634095634,0.7238955301455301,400,400
R1a_only,18,0.6643840956340957,0.6873960498960499,35,35
BASE_x_R1a,18,0.7328222453222453,0.7322245322245323,435,435
R1a_resid_only,18,0.6638253638253638,0.6931392931392931,35,35
BASE_x_R1a_resid,18,0.7315878378378378,0.7294048856548857,435,435
BASE,19,0.7516502079002079,0.7408393970893972,400,400
R1a_only,19,0.6732328482328482,0.7165670478170479,35,35
BASE_x_R1a,19,0.7610966735966737,0.752962577962578,435,435
R1a_resid_only,19,0.6803404365904365,0.7014033264033264,35,35
BASE_x_R1a_resid,19,0.7528846153846155,0.746881496881497,435,435
BASE,20,0.7317567567567567,0.7333809771309772,400,400
R1a_only,20,0.668256237006237,0.7068477130977131,35,35
BASE_x_R1a,20,0.7279365904365904,0.7376039501039502,435,435
R1a_resid_only,20,0.6624350311850311,0.6905275467775468,35,35
BASE_x_R1a_resid,20,0.7392151767151768,0.7430483367983368,435,435
BASE,21,0.7390202702702703,0.7534433471933473,400,400
R1a_only,21,0.693801975051975,0.7057302494802494,35,35
BASE_x_R1a,21,0.7590826403326405,0.7665800415800417,435,435
R1a_resid_only,21,0.6847193347193348,0.7040800415800414,35,35
BASE_x_R1a_resid,21,0.7531055093555092,0.7622920997920999,435,435
BASE,22,0.7735836798336799,0.7133186070686071,400,400
R1a_only,22,0.7081600831600832,0.6598752598752599,35,35
BASE_x_R1a,22,0.7673596673596673,0.7042619542619543,435,435
R1a_resid_only,22,0.6844984407484407,0.6669698544698546,35,35
BASE_x_R1a_resid,22,0.764254158004158,0.708601871101871,435,435
BASE,23,0.7357328482328482,0.7642671517671518,400,400
R1a_only,23,0.6698284823284824,0.6992983367983368,35,35
BASE_x_R1a,23,0.7360317047817049,0.7755587318087319,435,435
R1a_resid_only,23,0.6607458419958421,0.6993373180873181,35,35
BASE_x_R1a_resid,23,0.733718814968815,0.776377338877339,435,435
BASE,24,0.7568087318087318,0.7392671517671516,400,400
R1a_only,24,0.7061720374220374,0.6862525987525987,35,35
BASE_x_R1a,24,0.7591865904365904,0.7380717255717255,435,435
R1a_resid_only,24,0.6965436590436591,0.683614864864865,35,35
BASE_x_R1a_resid,24,0.757783264033264,0.7391502079002079,435,435
BASE,25,0.7455691268191269,0.7541450103950104,400,400
R1a_only,25,0.698297817047817,0.7056912681912683,35,35
BASE_x_R1a,25,0.7536772349272349,0.7533004158004158,435,435
R1a_resid_only,25,0.6739345114345114,0.7028066528066528,35,35
BASE_x_R1a_resid,25,0.7498050935550936,0.7535862785862786,435,435
BASE,26,0.7499220374220374,0.7469854469854469,400,400
R1a_only,26,0.7034173596673597,0.704222972972973,35,35
BASE_x_R1a,26,0.755652286902287,0.7601481288981289,435,435
R1a_resid_only,26,0.6871231808731809,0.6964916839916839,35,35
BASE_x_R1a_resid,26,0.7496361746361746,0.7591086278586279,435,435
BASE,27,0.7437499999999999,0.7599922037422039,400,400
R1a_only,27,0.679274948024948,0.7018840956340955,35,35
BASE_x_R1a,27,0.7583549896049897,0.7636694386694387,435,435
R1a_resid_only,27,0.6802884615384616,0.6956600831600832,35,35
BASE_x_R1a_resid,27,0.7478820166320167,0.7594594594594594,435,435
BASE,28,0.7622011434511435,0.7729339916839918,400,400
R1a_only,28,0.6830041580041581,0.7105509355509354,35,35
BASE_x_R1a,28,0.7576533264033263,0.7728560291060291,435,435
R1a_resid_only,28,0.6921517671517672,0.7043009355509355,35,35
BASE_x_R1a_resid,28,0.758549896049896,0.7763643451143452,435,435
BASE,29,0.7500000000000001,0.762616943866944,400,400
R1a_only,29,0.6899818087318088,0.7136564449064449,35,35
BASE_x_R1a,29,0.7523778586278587,0.773024948024948,435,435
R1a_resid_only,29,0.7077702702702703,0.6983757796257796,35,35
BASE_x_R1a_resid,29,0.7604469854469855,0.7633056133056134,435,435
