,auroc_cohort
cosinor_M,0.3396455197620299
cosinor_A1,0.5205722519893402
cosinor_A2,0.5323819063884092
cosinor_A3,0.43152259590120867
cosinor_acro_h,0.5650538271338489
cosinor_resid_sd,0.49134168753624674
curve_night_mean,0.35558223387883797
curve_morning_slope,0.48487614715486826
curve_day_night_contrast,0.5079638118384506
curve_range,0.5306547228060956
curve_entropy,0.4823448995007882
hour_h0,0.3684572129951021
hour_h1,0.35862092126729783
hour_h2,0.35406128293326283
hour_h3,0.35237602658140554
hour_h4,0.3522455138638136
hour_h5,0.36102947669592556
hour_h6,0.3612077499812327
hour_h7,0.35205103783499736
hour_h8,0.3416046561819683
hour_h9,0.3339613556602357
hour_h10,0.33756732790331057
hour_h11,0.34302599044741383
hour_h12,0.35297210466556567
hour_h13,0.3493068979430973
hour_h14,0.3467885528488852
hour_h15,0.35015524125441033
hour_h16,0.3546676183282036
hour_h17,0.36696815648224607
hour_h18,0.38318960663613844
hour_h19,0.39772492680729676
hour_h20,0.4053776110089332
hour_h21,0.40147927848885223
hour_h22,0.39380225536746494
hour_h23,0.3878925897079799
