alloc,arm,auroc_val,auroc_test,n_cols_a0,n_cols_hygiene,n_train_days,n_test_days,n_users_test,n_train_fold,n_val_fold,n_test_fold,wall_s
0,A40,0.6669632294567791,0.6631872756131042,29,29,107840.0,22920.0,573,2696,579,573,281.8
0,C40,0.6887519277570994,0.6825025408516143,64,64,107840.0,22920.0,573,2696,579,573,281.8
0,C40_resid,0.6911360508472371,0.6802058007312373,64,64,107840.0,22920.0,573,2696,579,573,281.8
0,BASE_x_P40,0.7539368541607017,0.756738206488741,483,485,,,573,2696,579,573,281.8
1,A40,0.638142260339936,0.6455761463530529,29,29,107840.0,22920.0,573,2696,579,573,280.2
1,C40,0.6564997868892996,0.6631596892241493,64,64,107840.0,22920.0,573,2696,579,573,280.2
1,C40_resid,0.6547282594549572,0.6629100918006389,64,64,107840.0,22920.0,573,2696,579,573,280.2
1,BASE_x_P40,0.7231838413285093,0.7053008104326707,483,485,,,573,2696,579,573,280.2
2,A40,0.669713309169942,0.6428304921992556,29,29,107840.0,22920.0,573,2696,579,573,285.9
2,C40,0.693093976938494,0.6577428163195269,64,64,107840.0,22920.0,573,2696,579,573,285.9
2,C40_resid,0.6934834082745516,0.6549749544626594,64,64,107840.0,22920.0,573,2696,579,573,285.9
2,BASE_x_P40,0.7883599260782426,0.7192787941184233,483,485,,,573,2696,579,573,285.9
3,A40,0.6626259630651501,0.6685541481877458,29,29,107840.0,22920.0,573,2696,579,573,286.2
3,C40,0.6781503536661548,0.6853583095747209,64,64,107840.0,22920.0,573,2696,579,573,286.2
3,C40_resid,0.6794573973815039,0.6824948275520709,64,64,107840.0,22920.0,573,2696,579,573,286.2
3,BASE_x_P40,0.7630599442983941,0.7578337425094375,483,485,,,573,2696,579,573,286.2
4,A40,0.6584643979533531,0.6627405968319194,29,29,107840.0,22920.0,573,2696,579,573,283.3
4,C40,0.6715643424367566,0.6877849118504772,64,64,107840.0,22920.0,573,2696,579,573,283.3
4,C40_resid,0.670375711002026,0.6838143557794274,64,64,107840.0,22920.0,573,2696,579,573,283.3
4,BASE_x_P40,0.771933925510363,0.7787910922587487,483,485,,,573,2696,579,573,283.3
5,A40,0.6681666049815593,0.681504986640565,29,29,107840.0,22920.0,573,2696,579,573,286.7
5,C40,0.6852252805049087,0.703339213909685,64,64,107840.0,22920.0,573,2696,579,573,286.7
5,C40_resid,0.6827561230585424,0.7039089161001032,64,64,107840.0,22920.0,573,2696,579,573,286.7
5,BASE_x_P40,0.7570256090592695,0.7734054654638766,483,485,,,573,2696,579,573,286.7
6,A40,0.6703209555774414,0.6558581405752916,29,29,107840.0,22920.0,573,2696,579,573,282.2
6,C40,0.6955558732246527,0.6784796858430541,64,64,107840.0,22920.0,573,2696,579,573,282.2
6,C40_resid,0.6929918489529339,0.6785195271076352,64,64,107840.0,22920.0,573,2696,579,573,282.2
6,BASE_x_P40,0.7666260626166286,0.7501193001060446,483,485,,,573,2696,579,573,282.2
7,A40,0.6392678058932003,0.6505330974946978,29,29,107840.0,22920.0,573,2696,579,573,281.7
7,C40,0.6578142369227573,0.6642491301033935,64,64,107840.0,22920.0,573,2696,579,573,281.7
7,C40_resid,0.657220233689159,0.6670486810710499,64,64,107840.0,22920.0,573,2696,579,573,281.7
7,BASE_x_P40,0.7585320243104254,0.7566145281018026,483,485,,,573,2696,579,573,281.7
8,A40,0.6451332107843137,0.6531495488672286,29,29,107840.0,22920.0,573,2696,579,573,223.9
8,C40,0.6629473039215686,0.6759357876712329,64,64,107840.0,22920.0,573,2696,579,573,223.9
8,C40_resid,0.6587559068627451,0.6732232448630137,64,64,107840.0,22920.0,573,2696,579,573,223.9
8,BASE_x_P40,0.7739084967320261,0.7513830347734459,483,485,,,573,2696,579,573,223.9
9,A40,0.6335960388421381,0.6649229934384941,29,29,107840.0,22920.0,573,2696,579,573,224.7
9,C40,0.6477107926211625,0.6830486147932131,64,64,107840.0,22920.0,573,2696,579,573,224.7
9,C40_resid,0.6483819590540751,0.6830602796924709,64,64,107840.0,22920.0,573,2696,579,573,224.7
9,BASE_x_P40,0.711417588696691,0.7638520678685048,483,485,,,573,2696,579,573,224.7
