trial,auroc_test,delta_vs_main_C40_r0
0,0.6819883731290093,-0.0005141677226050412
1,0.6838965114437316,0.0013939705921173218
2,0.683368072054592,0.0008655312029777207
3,0.6852631596314775,0.002760618779863222
4,0.6819131622713233,-0.0005893785802910667
5,0.684192132929437,0.0016895920778227103
6,0.6834747713233548,0.0009722304717404429
7,0.6846359570101106,0.0021334161584962708
8,0.6841491281909137,0.0016465873392993435
9,0.6804163614344922,-0.0020861794171220804
10,0.6852925361658879,0.0027899953142735967
11,0.6832542782001532,0.000751737348538839
12,0.6830643495419868,0.0005618086903724784
13,0.6800440936749295,-0.0024584471766848637
14,0.6845761067553654,0.0020735659037510734
15,0.6817888337821071,-0.0007137070695072412
16,0.6845575783374251,0.002055037485810818
17,0.6871123798870146,0.004609839035400243
18,0.683116321506824,0.0006137806552096725
19,0.6819457561178427,-0.0005567847337716314
20,0.6813126963385339,-0.0011898445130804625
21,0.6848397861064914,0.002337245254877107
22,0.683149550566247,0.0006470097146327181
23,0.6837431528998705,0.0012406120482562066
24,0.6843643828700404,0.0018618420184260964
25,0.6845795880520578,0.002077047200443438
26,0.6837727191732004,0.0012701783215860463
27,0.6864359936379716,0.003933452786357261
28,0.6847669346110187,0.0022643937594043484
29,0.6850120112985401,0.0025094704469257323
30,0.6857210491407302,0.003218508289115851
31,0.6853010991658086,0.0027985583141942882
32,0.6835989760697975,0.001096435218183145
33,0.6817982547319237,-0.0007042861196906447
34,0.6826001491512896,9.760829967531137e-05
35,0.6850985569942715,0.0025960161426571426
36,0.6818040788917928,-0.0006984619598214836
37,0.6849493644571157,0.0024468236055014136
38,0.6829273745413269,0.0004248336897125782
39,0.6857124201446636,0.003209879293049278
40,0.6856850894907738,0.003182548639159455
41,0.6824343090863494,-6.823176526493668e-05
42,0.687083613816953,0.004581072965338717
43,0.6827777530292232,0.0002752121776088412
44,0.6818172451228848,-0.0006852957287295514
45,0.6846709184683615,0.0021683776167471525
46,0.6832145815184394,0.0007120406668250645
47,0.6817636810010295,-0.0007388598505848609
48,0.6834818576595126,0.0009793168078983117
49,0.6838379316147938,0.001335390763179456
