arm,alloc,k,auroc,n_users
A40,0,1,0.6483857342731184,573
A40,0,2,0.6764604947071091,573
A40,0,4,0.703875293682849,573
A40,0,8,0.7089305984530503,573
A40,0,16,0.7171141205353607,573
A40,0,24,0.7193315910350836,573
A40,0,32,0.7183944457643673,573
A40,0,40,0.7254032364509911,573
A40,1,1,0.61029275890288,573
A40,1,2,0.6317019086085374,573
A40,1,4,0.6558432987513528,573
A40,1,8,0.6601066497716533,573
A40,1,16,0.6829413162271323,573
A40,1,24,0.6833636915604129,573
A40,1,32,0.6822285578522215,573
A40,1,40,0.687481851059898,573
A40,2,1,0.6041683165703123,573
A40,2,2,0.6350941105039466,573
A40,2,4,0.6595258836883926,573
A40,2,8,0.6785327736860167,573
A40,2,16,0.6822681555397165,573
A40,2,24,0.6830601092896175,573
A40,2,32,0.6875610464348882,573
A40,2,40,0.6918507959135185,573
A40,3,1,0.6422216942530556,573
A40,3,2,0.6715503814577228,573
A40,3,4,0.6918375966843537,573
A40,3,8,0.7088250046197302,573
A40,3,16,0.7170349251603707,573
A40,3,24,0.7192391964309284,573
A40,3,32,0.7245320873261003,573
A40,3,40,0.7256144241176314,573
A40,4,1,0.6551564156945917,573
A40,4,2,0.6570652173913044,573
A40,4,4,0.6707449628844114,573
A40,4,8,0.688056733828208,573
A40,4,16,0.7081521739130435,573
A40,4,24,0.711466065747614,573
A40,4,32,0.7187433722163309,573
A40,4,40,0.7179878048780489,573
A40,5,1,0.664823681913177,573
A40,5,2,0.6938969868521998,573
A40,5,4,0.7171503399380968,573
A40,5,8,0.7356948228882834,573
A40,5,16,0.7448877013835614,573
A40,5,24,0.7408137350863733,573
A40,5,32,0.7425729478056133,573
A40,5,40,0.7468320943890374,573
A40,6,1,0.6738732767762461,573
A40,6,2,0.6829135737009544,573
A40,6,4,0.6961293743372217,573
A40,6,8,0.7034597030752916,573
A40,6,16,0.7116914103923648,573
A40,6,24,0.7019883351007423,573
A40,6,32,0.7023594909862142,573
A40,6,40,0.7093186638388123,573
A40,7,1,0.653101802757158,573
A40,7,2,0.6602067868504772,573
A40,7,4,0.6741914103923647,573
A40,7,8,0.6800901378579003,573
A40,7,16,0.6903897136797454,573
A40,7,24,0.6948038176033935,573
A40,7,32,0.6993239660657475,573
A40,7,40,0.7005567338282079,573
A40,8,1,0.6400421496311908,573
A40,8,2,0.6630532139093784,573
A40,8,4,0.6742755532139093,573
A40,8,8,0.6880400421496313,573
A40,8,16,0.6982876712328767,573
A40,8,24,0.6991438356164383,573
A40,8,32,0.7036749209694415,573
A40,8,40,0.7043335089567966,573
A40,9,1,0.6514978791092259,573
A40,9,2,0.6944194061505832,573
A40,9,4,0.7154294803817602,573
A40,9,8,0.7258748674443265,573
A40,9,16,0.7306601272534464,573
A40,9,24,0.7309252386002121,573
A40,9,32,0.7324893955461294,573
A40,9,40,0.7292417815482503,573
C40,0,1,0.6698608801246007,573
C40,0,2,0.7010638578707005,573
C40,0,4,0.7200443494099944,573
C40,0,8,0.722789789076318,573
C40,0,16,0.7304057443045326,573
C40,0,24,0.7328476017000608,573
C40,0,32,0.7325704178875954,573
C40,0,40,0.737071355032866,573
C40,1,1,0.6522399091893033,573
C40,1,2,0.655830099522188,573
C40,1,4,0.6699268762704259,573
C40,1,8,0.6772128507695151,573
C40,1,16,0.6886037855389245,573
C40,1,24,0.693672289538291,573
C40,1,32,0.6985428051001821,573
C40,1,40,0.7040468836619942,573
C40,2,1,0.631503920171062,573
C40,2,2,0.662244924896386,573
C40,2,4,0.6781895937277262,573
C40,2,8,0.6913624244344131,573
C40,2,16,0.6958765608088487,573
C40,2,24,0.6957181700588686,573
C40,2,32,0.6998627280166837,573
C40,2,40,0.7027797576621525,573
C40,3,1,0.6674850188748976,573
C40,3,2,0.6942002587048917,573
C40,3,4,0.7185660357435126,573
C40,3,8,0.7201499432433146,573
C40,3,16,0.729151817533856,573
C40,3,24,0.7330587893667009,573
C40,3,32,0.734669095324833,573
C40,3,40,0.7372165465536813,573
C40,4,1,0.6839077412513255,573
C40,4,2,0.6844777306468717,573
C40,4,4,0.6943796394485684,573
C40,4,8,0.711280487804878,573
C40,4,16,0.7286055143160128,573
C40,4,24,0.7324098621420997,573
C40,4,32,0.7368239660657477,573
C40,4,40,0.736041887592789,573
C40,5,1,0.7018861934869448,573
C40,5,2,0.7263828999232824,573
C40,5,4,0.7349805560699452,573
C40,5,8,0.7527843178751885,573
C40,5,16,0.7557604296182641,573
C40,5,24,0.758815904341155,573
C40,5,32,0.7632602312108145,573
C40,5,40,0.765852755218116,573
C40,6,1,0.683602863202545,573
C40,6,2,0.6887857900318133,573
C40,6,4,0.7052757158006364,573
C40,6,8,0.7199761399787912,573
C40,6,16,0.7285259809119831,573
C40,6,24,0.7221898197242842,573
C40,6,32,0.7232502651113467,573
C40,6,40,0.7278499469777306,573
C40,7,1,0.6704931071049841,573
C40,7,2,0.6795068928950159,573
C40,7,4,0.6940482502651114,573
C40,7,8,0.6985949098621421,573
C40,7,16,0.7036055143160127,573
C40,7,24,0.707847295864263,573
C40,7,32,0.7081919406150583,573
C40,7,40,0.709915164369035,573
C40,8,1,0.6514884088514226,573
C40,8,2,0.6686643835616439,573
C40,8,4,0.6960221285563752,573
C40,8,8,0.7108140147523709,573
C40,8,16,0.7180321390937829,573
C40,8,24,0.7212987355110643,573
C40,8,32,0.7232481559536355,573
C40,8,40,0.7253688092729189,573
C40,9,1,0.6817073170731707,573
C40,9,2,0.7030885471898196,573
C40,9,4,0.7242311770943797,573
C40,9,8,0.7305673382820785,573
C40,9,16,0.7354586426299046,573
C40,9,24,0.7381230116648992,573
C40,9,32,0.7407211028632026,573
C40,9,40,0.7397269353128314,573
