alloc,target,variant,group,n,mean_mask_coverage,mean_obs_bins_per_day,mean_d_ch3000_mean,mean_d_ch3000_cov_h
0,0.95,raw,labeled,146,0.9066888689994812,261.1263732910156,70.29523468017578,21.67578125
0,0.95,raw,abstained,427,0.8869510293006897,255.44192504882812,74.2372055053711,21.210662841796875
0,0.95,cpc,labeled,73,0.9011855721473694,259.5414123535156,70.44869995117188,21.542617797851562
0,0.95,cpc,abstained,500,0.8906362056732178,256.50323486328125,73.63926696777344,21.298011779785156
1,0.95,raw,labeled,160,0.8890625238418579,256.04998779296875,70.23970794677734,21.26373863220215
1,0.95,raw,abstained,413,0.8777508735656738,252.79226684570312,74.35628509521484,20.995895385742188
1,0.95,cpc,labeled,63,0.9029693007469177,260.0551452636719,69.6319808959961,21.60495948791504
1,0.95,cpc,abstained,510,0.8781843781471252,252.91709899902344,73.64839172363281,21.004688262939453
2,0.95,raw,labeled,99,0.9189384579658508,264.654296875,68.31266021728516,21.979448318481445
2,0.95,raw,abstained,474,0.8782050609588623,252.92306518554688,74.12013244628906,21.00014877319336
2,0.95,cpc,abstained,573,0.8852427005767822,254.94993591308594,73.11675262451172,21.16934585571289
3,0.95,raw,labeled,196,0.9099830985069275,262.07513427734375,71.6852798461914,21.76266098022461
3,0.95,raw,abstained,377,0.8734384179115295,251.55027770996094,74.01790618896484,20.88260269165039
3,0.95,cpc,labeled,88,0.91985684633255,264.9187316894531,68.82231140136719,22.00444221496582
3,0.95,cpc,abstained,485,0.8797846436500549,253.37799072265625,74.0179443359375,21.034706115722656
4,0.95,raw,labeled,85,0.8873488306999207,255.5564727783203,72.19857788085938,21.212173461914062
4,0.95,raw,abstained,488,0.8788689970970154,253.1142578125,73.57740783691406,21.007064819335938
4,0.95,cpc,abstained,573,0.8801268339157104,253.47654724121094,73.37287139892578,21.03748893737793
5,0.95,raw,labeled,121,0.8879677653312683,255.73471069335938,69.7196273803711,21.233848571777344
5,0.95,raw,abstained,452,0.8833857178688049,254.41510009765625,74.4088363647461,21.122791290283203
5,0.95,cpc,abstained,573,0.8843533396720886,254.6937713623047,73.41861724853516,21.1462459564209
6,0.95,raw,labeled,73,0.8853727579116821,254.9873504638672,73.92770385742188,21.174190521240234
6,0.95,raw,abstained,500,0.8821095824241638,254.04754638671875,72.93572235107422,21.09171485900879
6,0.95,cpc,abstained,573,0.8825252652168274,254.16729736328125,73.06209564208984,21.102222442626953
7,0.95,raw,labeled,276,0.8844086527824402,254.70968627929688,71.56175231933594,21.145376205444336
7,0.95,raw,abstained,297,0.8869534134864807,255.44259643554688,74.41551208496094,21.215158462524414
7,0.95,cpc,labeled,136,0.881442129611969,253.8553466796875,70.0740966796875,21.076946258544922
7,0.95,cpc,abstained,437,0.887061357498169,255.4736785888672,73.96424865722656,21.214101791381836
8,0.95,raw,labeled,169,0.8979398012161255,258.6066589355469,71.22335052490234,21.474403381347656
8,0.95,raw,abstained,404,0.8784447312355042,252.99209594726562,74.12430572509766,21.005298614501953
8,0.95,cpc,labeled,105,0.9075661897659302,261.3790283203125,69.55481719970703,21.71015167236328
8,0.95,cpc,abstained,468,0.8789509534835815,253.1378631591797,74.10194396972656,21.016559600830078
9,0.95,raw,labeled,119,0.9141259789466858,263.2682800292969,71.6250228881836,21.864999771118164
9,0.95,raw,abstained,454,0.8811008930206299,253.75704956054688,73.74911499023438,21.075794219970703
9,0.95,cpc,abstained,573,0.8879594802856445,255.73233032226562,73.30799865722656,21.239694595336914
