alloc,arm,auroc_val_mine,auroc_val_v2,auroc_test_mine,auroc_test_v2,max_abs_dval,max_abs_dtest
0,MultiRocket_primary,0.8241104661755903,0.8233686457221687,0.8510466988727858,0.8507431166019903,0.0007418204534215267,0.0003035822707955216
0,Profile24,0.7459330019001016,0.7459330019001016,0.7403843615532852,0.7403843615532852,0.0,0.0
0,Summary_RF,0.7141258231604155,0.7141258231604155,0.6979224413294263,0.6979224413294263,0.0,0.0
1,MultiRocket_primary,0.8128009578593925,0.8146750305838257,0.8284496185422772,0.8313402497294158,0.0018740727244331845,0.0028906311871386148
1,Profile24,0.6700590853483954,0.6700590853483954,0.732306433304295,0.732306433304295,0.0,0.0
1,Summary_RF,0.6700981285301544,0.6700981285301544,0.6833900900187428,0.6833900900187428,0.0,0.0
2,MultiRocket_primary,0.8225357245113094,0.8247351570837347,0.836131569916317,0.8388110134368152,0.002199432572425275,0.0026794435204982037
2,Profile24,0.743512324631042,0.743512324631042,0.6987935904543174,0.6987935904543174,0.0,0.0
2,Summary_RF,0.7048986178713659,0.7048986178713659,0.662904886354637,0.662904886354637,0.0,0.0
3,MultiRocket_primary,0.8463780941721546,0.8439574169030948,0.8265885272300098,0.8292019746046829,0.002420677269059812,0.0026134473746731723
3,Profile24,0.7332439678284182,0.7332439678284182,0.7408595338032259,0.7408595338032259,0.0,0.0
3,Summary_RF,0.6989900830318332,0.6989900830318332,0.7231989651804334,0.7231989651804334,0.0,0.0
4,MultiRocket_primary,0.8402290790088827,0.8390862812321438,0.8571314952279957,0.8606442205726406,0.0011427977767388686,0.0035127253446448625
4,Profile24,0.7389745987221443,0.7389745987221443,0.7430408271474018,0.7430408271474018,0.0,0.0
4,Summary_RF,0.7052490779699756,0.7052490779699756,0.6992974549310711,0.6992974549310711,0.0,0.0
5,MultiRocket_primary,0.8192561425380499,0.8211131889252506,0.8518557710113489,0.8504536917012777,0.0018570463872007448,0.0014020793100711915
5,Profile24,0.7314814814814814,0.7314814814814814,0.7392926113065792,0.7392926113065792,0.0,0.0
5,Summary_RF,0.6954963378525791,0.6954963378525791,0.7238300574058887,0.7238300574058887,0.0,0.0
6,MultiRocket_primary,0.8163746630727763,0.8160636533278043,0.8284066808059385,0.8281283138918345,0.00031100974497200173,0.00027836691410398906
6,Profile24,0.7413824383164007,0.7413824383164007,0.7421394485683988,0.7421394485683988,0.0,0.0
6,Summary_RF,0.6985019697283847,0.6985019697283847,0.7204798515376458,0.7204798515376458,0.0,0.0
7,MultiRocket_primary,0.8462677263518779,0.8482935951379149,0.8374867444326617,0.8398462354188759,0.002025868786037055,0.002359490986214241
7,Profile24,0.7222352085605943,0.7222352085605943,0.7297189819724283,0.7297189819724283,0.0,0.0
7,Summary_RF,0.6776271362526622,0.6776271362526622,0.6980779427359491,0.6980779427359491,0.0,0.0
8,MultiRocket_primary,0.8557777777777777,0.8567320261437908,0.810432033719705,0.8154241306638568,0.0009542483660130996,0.004992096944151814
8,Profile24,0.7166274509803923,0.7166274509803923,0.7601554267650158,0.7601554267650158,0.0,0.0
8,Summary_RF,0.6941699346405229,0.6941699346405229,0.7128556375131716,0.7128556375131716,0.0,0.0
9,MultiRocket_primary,0.793725001298634,0.7958417744532751,0.8139846235418877,0.8164236479321315,0.002116773154641094,0.0024390243902437936
9,Profile24,0.7040673211781207,0.7040673211781207,0.7437433722163309,0.7437433722163309,0.0,0.0
9,Summary_RF,0.703054386785102,0.703054386785102,0.7086161187698833,0.7086161187698833,0.0,0.0
