alloc,k,arm,alpha,auroc_val,auroc_test,n_cols
0,4,MultiRocket_primary,1000.0,0.698677737577761,0.7290594229297009,18790
0,4,MultiRocket_sens3e3,3000.0,0.7150368307347927,0.7527652385100709,18790
0,4,Profile24,1000.0,0.7123168224055807,0.702304585412212,353
0,4,Summary_RF,,0.6640594497514251,0.6776484253319606,305
0,7,MultiRocket_primary,1000.0,0.7203336890601004,0.7520128824476651,18810
0,7,MultiRocket_sens3e3,3000.0,0.7408834170592675,0.7789789076317943,18810
0,7,Profile24,1000.0,0.7028683724198964,0.718856418785143,353
0,7,Summary_RF,,0.6666623285353601,0.7011694517040205,305
0,14,MultiRocket_primary,1000.0,0.7987714412139826,0.7950423695256196,18816
0,14,MultiRocket_sens3e3,3000.0,0.8142455555844764,0.8175206567936433,18816
0,14,Profile24,1000.0,0.7230797261771519,0.7195427787017239,353
0,14,Summary_RF,,0.7099612171061194,0.6781631952693963,305
0,21,MultiRocket_primary,1000.0,0.802207241208777,0.8131385127108577,18816
0,21,MultiRocket_sens3e3,3000.0,0.8198547593638564,0.8326205749584226,18816
0,21,Profile24,1000.0,0.7325411905567558,0.7276867030965393,353
0,21,Summary_RF,,0.7196178973945184,0.707861460890684,305
0,30,MultiRocket_primary,1000.0,0.8006194851505766,0.8283044270214619,18816
0,30,MultiRocket_sens3e3,3000.0,0.8154038366433276,0.8441830997069771,18816
0,30,Profile24,1000.0,0.7333220541919363,0.7282806684089649,353
0,30,Summary_RF,,0.6942007860693928,0.6932103165175154,305
0,40,MultiRocket_primary,1000.0,0.8241104661755903,0.8510466988727858,18816
0,40,MultiRocket_sens3e3,3000.0,0.8331814987376038,0.8637971542461922,18816
0,40,Profile24,1000.0,0.7459330019001016,0.7403843615532852,353
0,40,Summary_RF,,0.7141258231604155,0.6979224413294263,305
1,4,MultiRocket_primary,1000.0,0.7036362216611572,0.7031625353079379,18796
1,4,MultiRocket_sens3e3,3000.0,0.7245113095083161,0.7229613790554632,18796
1,4,Profile24,1000.0,0.661014081574221,0.6751801694781024,353
1,4,Summary_RF,,0.6574351232463105,0.651870330772683,305
1,7,MultiRocket_primary,1000.0,0.7646216715687553,0.7262479871175523,18798
1,7,MultiRocket_sens3e3,3000.0,0.7751893594315313,0.7492410443230114,18798
1,7,Profile24,1000.0,0.661938103542518,0.6924975581426045,353
1,7,Summary_RF,,0.6544418126447851,0.6643568015627888,305
1,14,MultiRocket_primary,1000.0,0.7354303860069238,0.7537023837807872,18810
1,14,MultiRocket_sens3e3,3000.0,0.7581535177906764,0.7678255589873553,18810
1,14,Profile24,1000.0,0.6609099664228636,0.6924315619967796,353
1,14,Summary_RF,,0.6615216429370884,0.6315831155460521,305
1,21,MultiRocket_primary,1000.0,0.7933053957677192,0.7937884427549431,18808
1,21,MultiRocket_sens3e3,3000.0,0.8010099169681668,0.8035162746495605,18808
1,21,Profile24,1000.0,0.65104505583175,0.7120720149943243,353
1,21,Summary_RF,,0.6561987558239413,0.6738206488741056,305
1,30,MultiRocket_primary,1000.0,0.8018168093911866,0.8180882236477391,18816
1,30,MultiRocket_sens3e3,3000.0,0.8087404669564539,0.8281592355006467,18816
1,30,Profile24,1000.0,0.6795986360915173,0.7148702515773079,353
1,30,Summary_RF,,0.6609620239985424,0.6830073123729574,305
1,40,MultiRocket_primary,1000.0,0.8128009578593925,0.8284496185422772,18816
1,40,MultiRocket_sens3e3,3000.0,0.8251386032952446,0.8354716084580661,18816
1,40,Profile24,1000.0,0.6700590853483954,0.732306433304295,353
1,40,Summary_RF,,0.6700981285301544,0.6833900900187428,305
2,4,MultiRocket_primary,1000.0,0.7035841640854785,0.7289142314088857,18798
2,4,MultiRocket_sens3e3,3000.0,0.7269189723834562,0.7506005649270082,18798
2,4,Profile24,1000.0,0.7171191337619407,0.6484253319606135,353
2,4,Summary_RF,,0.685455113355371,0.6470790105857818,305
2,7,MultiRocket_primary,1000.0,0.7608214685442098,0.7502309865103878,18810
2,7,MultiRocket_sens3e3,3000.0,0.7814102397251361,0.7645125524669358,18810
2,7,Profile24,1000.0,0.7159998958848486,0.6687653441039043,353
2,7,Summary_RF,,0.6865092792628648,0.6360312557746628,305
2,14,MultiRocket_primary,1000.0,0.7719878185272911,0.7923629260051214,18810
2,14,MultiRocket_sens3e3,3000.0,0.7950363101590359,0.8068952773158049,18810
2,14,Profile24,1000.0,0.7280642390483876,0.6817137879147857,353
2,14,Summary_RF,,0.6937452822822041,0.6477653705023627,305
2,21,MultiRocket_primary,1000.0,0.8016476222702309,0.806433304295029,18810
2,21,MultiRocket_sens3e3,3000.0,0.8199198313334548,0.8243314590427919,18810
2,21,Profile24,1000.0,0.7381634087300554,0.7037037037037037,353
2,21,Summary_RF,,0.7128504125562872,0.6614397719173201,305
2,30,MultiRocket_primary,1000.0,0.8060074442333222,0.8275652701882209,18810
2,30,MultiRocket_sens3e3,3000.0,0.8265441578385695,0.8466645547900004,18810
2,30,Profile24,1000.0,0.7401806397876052,0.694477442517357,353
2,30,Summary_RF,,0.7039745959030688,0.6699268762704258,305
2,40,MultiRocket_primary,1000.0,0.8225357245113094,0.836131569916317,18810
2,40,MultiRocket_sens3e3,3000.0,0.8386475441838674,0.852749399435073,18810
2,40,Profile24,1000.0,0.743512324631042,0.6987935904543174,353
2,40,Summary_RF,,0.7048986178713659,0.662904886354637,305
3,4,MultiRocket_primary,1000.0,0.7373825450948748,0.7146590639106676,18798
3,4,MultiRocket_sens3e3,3000.0,0.7543533147661314,0.7332435785750113,18798
3,4,Profile24,1000.0,0.6807959603321274,0.7036905044745386,353
3,4,Summary_RF,,0.6714646398917202,0.6653071460626698,305
3,7,MultiRocket_primary,1000.0,0.7364455087326583,0.7589028800718037,18810
3,7,MultiRocket_sens3e3,3000.0,0.7582966761237929,0.7790449037776195,18810
3,7,Profile24,1000.0,0.7017100913610453,0.7105145059528524,353
3,7,Summary_RF,,0.6747833103412375,0.7113988543069085,305
3,14,MultiRocket_primary,1000.0,0.8252947760222806,0.7901586547345635,18816
3,14,MultiRocket_sens3e3,3000.0,0.8491761888648846,0.8092579393363428,18816
3,14,Profile24,1000.0,0.7225201072386059,0.7082838362239645,353
3,14,Summary_RF,,0.6927952315260678,0.692114780496819,305
3,21,MultiRocket_primary,1000.0,0.820596579817278,0.8085583801905968,18816
3,21,MultiRocket_sens3e3,3000.0,0.8399619979697546,0.8262585465008844,18816
3,21,Profile24,1000.0,0.728441656472058,0.7268551516591432,353
3,21,Summary_RF,,0.6933938936463728,0.7061059634117368,305
3,30,MultiRocket_primary,1000.0,0.8427210494807258,0.797576621525303,18816
3,30,MultiRocket_sens3e3,3000.0,0.85697181082277,0.8212296401890129,18816
3,30,Profile24,1000.0,0.7255004034462116,0.7399487869908397,353
3,30,Summary_RF,,0.6789088732137745,0.7136955201816214,305
3,40,MultiRocket_primary,1000.0,0.8463780941721546,0.8265885272300098,18816
3,40,MultiRocket_sens3e3,3000.0,0.8618652229365679,0.8397613579366965,18816
3,40,Profile24,1000.0,0.7332439678284182,0.7408595338032259,353
3,40,Summary_RF,,0.6989900830318332,0.7231989651804334,305
4,4,MultiRocket_primary,1000.0,0.7143135421536543,0.7556601272534464,18798
4,4,MultiRocket_sens3e3,3000.0,0.7315723858500857,0.7740986214209968,18798
4,4,Profile24,1000.0,0.68067892577009,0.7070254506892896,353
4,4,Summary_RF,,0.6810555295828788,0.7021076352067868,305
4,7,MultiRocket_primary,1000.0,0.7404810139733,0.7768425238600213,18810
4,7,MultiRocket_sens3e3,3000.0,0.7644148355929563,0.7880699893955461,18810
4,7,Profile24,1000.0,0.6821204093293854,0.7274920466595971,353
4,7,Summary_RF,,0.664433016466677,0.6773197242841993,305
4,14,MultiRocket_primary,1000.0,0.7977897252090801,0.8065084835630965,18804
4,14,MultiRocket_sens3e3,3000.0,0.814113552542725,0.8210498409331919,18804
4,14,Profile24,1000.0,0.7050932419095111,0.7242046659597031,353
4,14,Summary_RF,,0.7070671653420602,0.7064687168610815,305
4,21,MultiRocket_primary,1000.0,0.8019063944730144,0.8215137857900319,18810
4,21,MultiRocket_sens3e3,3000.0,0.822139109656641,0.8386134676564156,18810
4,21,Profile24,1000.0,0.7214170692431561,0.7379241781548249,353
4,21,Summary_RF,,0.6964703132304816,0.6906813361611877,305
4,30,MultiRocket_primary,1000.0,0.831216560178692,0.8432131495227996,18816
4,30,MultiRocket_sens3e3,3000.0,0.8483195678146589,0.8482502651113468,18816
4,30,Profile24,1000.0,0.733312555191938,0.7323303287380701,353
4,30,Summary_RF,,0.7127421952106385,0.6904692470837752,305
4,40,MultiRocket_primary,1000.0,0.8402290790088827,0.8571314952279957,18816
4,40,MultiRocket_sens3e3,3000.0,0.853111526673939,0.8614660657476141,18816
4,40,Profile24,1000.0,0.7389745987221443,0.7430408271474018,353
4,40,Summary_RF,,0.7052490779699756,0.6992974549310711,305
5,4,MultiRocket_primary,1000.0,0.6928471248246844,0.7168064336922304,18810
5,4,MultiRocket_sens3e3,3000.0,0.7149109137187679,0.7385651173249386,18810
5,4,Profile24,1000.0,0.6814581060724119,0.7008677019126479,353
5,4,Summary_RF,,0.6608747597527401,0.6949154784264967,305
5,7,MultiRocket_primary,1000.0,0.7227806347722197,0.747321499431232,18816
5,7,MultiRocket_sens3e3,3000.0,0.755960729312763,0.7709055315996931,18816
5,7,Profile24,1000.0,0.7124824684431978,0.7006692944631094,353
5,7,Summary_RF,,0.6885486468235416,0.7054310732520305,305
5,14,MultiRocket_primary,1000.0,0.7673497480650355,0.8021745456469407,18816
5,14,MultiRocket_sens3e3,3000.0,0.7914913510986442,0.8234305970741514,18816
5,14,Profile24,1000.0,0.7180925666199158,0.714809132033544,353
5,14,Summary_RF,,0.6851981715235571,0.7019787836300625,305
5,21,MultiRocket_primary,1000.0,0.8199703911485118,0.811949419327531,18810
5,21,MultiRocket_sens3e3,3000.0,0.8305412705833464,0.833681648633634,18810
5,21,Profile24,1000.0,0.7257934652745311,0.730589137853496,353
5,21,Summary_RF,,0.7020024933769675,0.7109335731858946,305
5,30,MultiRocket_primary,1000.0,0.7958158017765312,0.8306790825639532,18816
5,30,MultiRocket_sens3e3,3000.0,0.8124642875694769,0.8486547974921299,18816
5,30,Profile24,1000.0,0.7219884681315256,0.7356154599084679,353
5,30,Summary_RF,,0.6990935535816322,0.7240946006719399,305
5,40,MultiRocket_primary,1000.0,0.8192561425380499,0.8518557710113489,18816
5,40,MultiRocket_sens3e3,3000.0,0.8281647706612644,0.8637734451469539,18816
5,40,Profile24,1000.0,0.7314814814814814,0.7392926113065792,353
5,40,Summary_RF,,0.6954963378525791,0.7238300574058887,305
6,4,MultiRocket_primary,1000.0,0.7472009122952519,0.7031018027571581,18792
6,4,MultiRocket_sens3e3,3000.0,0.7647600041467966,0.7213944856839873,18792
6,4,Profile24,1000.0,0.7103203400373211,0.6927359490986214,353
6,4,Summary_RF,,0.6719883889695211,0.694260339342524,305
6,7,MultiRocket_primary,1000.0,0.7530453037528511,0.7167682926829269,18816
6,7,MultiRocket_sens3e3,3000.0,0.7747900684221439,0.745864262990456,18816
6,7,Profile24,1000.0,0.710333298776695,0.7009809119830329,353
6,7,Summary_RF,,0.6985926809040017,0.7086691410392365,305
6,14,MultiRocket_primary,1000.0,0.7745956873315363,0.8036983032873808,18804
6,14,MultiRocket_sens3e3,3000.0,0.7908070702882024,0.8181071049840932,18804
6,14,Profile24,1000.0,0.72522289031723,0.7372083775185578,353
6,14,Summary_RF,,0.6993831640058056,0.7176166489925768,305
6,21,MultiRocket_primary,1000.0,0.7916364296081276,0.7955726405090138,18804
6,21,MultiRocket_sens3e3,3000.0,0.811800228073813,0.8148329798515377,18804
6,21,Profile24,1000.0,0.7273351648351649,0.7516967126193002,353
6,21,Summary_RF,,0.7092965996267883,0.6994432661717922,305
6,30,MultiRocket_primary,1000.0,0.8083013684428779,0.8258218451749735,18816
6,30,MultiRocket_sens3e3,3000.0,0.8244479577026746,0.8378048780487806,18816
6,30,Profile24,1000.0,0.7409288824383164,0.7335233297985154,353
6,30,Summary_RF,,0.7069769852788721,0.7198435843054083,305
6,40,MultiRocket_primary,1000.0,0.8163746630727763,0.8284066808059385,18816
6,40,MultiRocket_sens3e3,3000.0,0.8286854654779184,0.8433854718981972,18816
6,40,Profile24,1000.0,0.7413824383164007,0.7421394485683988,353
6,40,Summary_RF,,0.6985019697283847,0.7204798515376458,305
7,4,MultiRocket_primary,1000.0,0.679562100670095,0.6894485683987274,18798
7,4,MultiRocket_sens3e3,3000.0,0.6972754662095476,0.7099284199363732,18798
7,4,Profile24,1000.0,0.6680951638875903,0.6868637327677625,353
7,4,Summary_RF,,0.644498987065607,0.6785392364793214,305
7,7,MultiRocket_primary,1000.0,0.7385460495558672,0.7499867444326618,18798
7,7,MultiRocket_sens3e3,3000.0,0.75958391771856,0.7720042417815483,18798
7,7,Profile24,1000.0,0.6849514310944886,0.6839342523860021,353
7,7,Summary_RF,,0.6630694509376136,0.6751060445387064,305
7,14,MultiRocket_primary,1000.0,0.7790634252766092,0.7651908801696712,18792
7,14,MultiRocket_sens3e3,3000.0,0.7944911952625837,0.7943928950159067,18792
7,14,Profile24,1000.0,0.7032621681990545,0.7182529162248144,353
7,14,Summary_RF,,0.655654251727183,0.6948435843054082,305
7,21,MultiRocket_primary,1000.0,0.8038023998753311,0.8085365853658537,18792
7,21,MultiRocket_sens3e3,3000.0,0.8203210222845566,0.8313229056203606,18792
7,21,Profile24,1000.0,0.6981585372188457,0.734451219512195,353
7,21,Summary_RF,,0.675575294789881,0.7042020148462353,305
7,30,MultiRocket_primary,1000.0,0.8360215053763441,0.8309517497348887,18798
7,30,MultiRocket_sens3e3,3000.0,0.8483974858448913,0.8402836691410392,18798
7,30,Profile24,1000.0,0.7224949353280348,0.7209172852598091,353
7,30,Summary_RF,,0.678354371201496,0.7030752916224815,305
7,40,MultiRocket_primary,1000.0,0.8462677263518779,0.8374867444326617,18798
7,40,MultiRocket_sens3e3,3000.0,0.8525401277855696,0.848170731707317,18798
7,40,Profile24,1000.0,0.7222352085605943,0.7297189819724283,353
7,40,Summary_RF,,0.6776271362526622,0.6980779427359491,305
8,4,MultiRocket_primary,1000.0,0.7194117647058823,0.6955216016859853,18792
8,4,MultiRocket_sens3e3,3000.0,0.741045751633987,0.7165569020021076,18792
8,4,Profile24,1000.0,0.673673202614379,0.6889357218124341,353
8,4,Summary_RF,,0.6583137254901961,0.671654373024236,305
8,7,MultiRocket_primary,1000.0,0.7589411764705881,0.7116174920969441,18804
8,7,MultiRocket_sens3e3,3000.0,0.7800522875816993,0.7403846153846154,18804
8,7,Profile24,1000.0,0.6897516339869281,0.7282665964172814,353
8,7,Summary_RF,,0.6708888888888889,0.6823893572181244,305
8,14,MultiRocket_primary,1000.0,0.7855686274509804,0.7783719704952582,18810
8,14,MultiRocket_sens3e3,3000.0,0.8035032679738563,0.7923735511064278,18810
8,14,Profile24,1000.0,0.688091503267974,0.7289383561643836,353
8,14,Summary_RF,,0.6688758169934641,0.6826791359325607,305
8,21,MultiRocket_primary,1000.0,0.8262614379084967,0.7739989462592203,18816
8,21,MultiRocket_sens3e3,3000.0,0.8368627450980392,0.7975763962065332,18816
8,21,Profile24,1000.0,0.6991241830065359,0.7440331928345627,353
8,21,Summary_RF,,0.6838562091503269,0.6992755532139093,305
8,30,MultiRocket_primary,1000.0,0.8299738562091502,0.8180848261327713,18816
8,30,MultiRocket_sens3e3,3000.0,0.8424705882352941,0.8266464699683878,18816
8,30,Profile24,1000.0,0.7161830065359476,0.7576132771338251,353
8,30,Summary_RF,,0.6976993464052287,0.7122892518440463,305
8,40,MultiRocket_primary,1000.0,0.8557777777777777,0.810432033719705,18816
8,40,MultiRocket_sens3e3,3000.0,0.8615816993464052,0.8273972602739725,18816
8,40,Profile24,1000.0,0.7166274509803923,0.7601554267650158,353
8,40,Summary_RF,,0.6941699346405229,0.7128556375131716,305
9,4,MultiRocket_primary,1000.0,0.6362007168458781,0.6961558854718981,18786
9,4,MultiRocket_sens3e3,3000.0,0.6601734974806505,0.7191410392364792,18786
9,4,Profile24,1000.0,0.6735234533271,0.6997348886532344,353
9,4,Summary_RF,,0.664017453638772,0.6782343584305409,305
9,7,MultiRocket_primary,1000.0,0.7178458261908472,0.7434517497348887,18798
9,7,MultiRocket_sens3e3,3000.0,0.7342215988779803,0.7631230116648993,18798
9,7,Profile24,1000.0,0.685925406472391,0.7178022269353129,353
9,7,Summary_RF,,0.6559659238481118,0.7106442205726404,305
9,14,MultiRocket_primary,1000.0,0.7709599501324605,0.802346235418876,18816
9,14,MultiRocket_sens3e3,3000.0,0.7766739390161551,0.8171129374337222,18816
9,14,Profile24,1000.0,0.6762765570619708,0.7177889713679746,353
9,14,Summary_RF,,0.6638226585631917,0.6899787910922587,305
9,21,MultiRocket_primary,1000.0,0.7713495402836216,0.801497879109226,18816
9,21,MultiRocket_sens3e3,3000.0,0.7827515453742662,0.8180540827147402,18816
9,21,Profile24,1000.0,0.6852241442003013,0.7283006362672322,353
9,21,Summary_RF,,0.6760428029712742,0.6950821845174974,305
9,30,MultiRocket_primary,1000.0,0.7834787803231001,0.8172587486744431,18808
9,30,MultiRocket_sens3e3,3000.0,0.798958495662563,0.8300238600212089,18808
9,30,Profile24,1000.0,0.7018466573165031,0.7365588547189819,353
9,30,Summary_RF,,0.6972754662095475,0.699244432661718,305
9,40,MultiRocket_primary,1000.0,0.793725001298634,0.8139846235418877,18816
9,40,MultiRocket_sens3e3,3000.0,0.8032050283102176,0.8325159066808059,18816
9,40,Profile24,1000.0,0.7040673211781207,0.7437433722163309,353
9,40,Summary_RF,,0.703054386785102,0.7086161187698833,305
