arm,alloc,target,variant,class,tau,n_sel_val,prec_val,n_sel_test,prec_test,wilson_lo,wilson_hi,cov_test,recall_test,xfit_dir
Combined,0,0.95,raw,1,0.8560594320297241,151,0.9536423841059603,146,0.9452054794520548,0.8956073281741972,0.971976323394244,0.2547993019197208,0.3770491803278688,
Combined,0,0.95,raw,0,,0,,0,,,,0.0,0.0,
Combined,0,0.95,cpc,1,0.9835137128829956,87,0.9885057471264368,73,0.9863013698630136,0.9264026272903616,0.997577748533516,0.1273996509598604,0.19672131147540983,
Combined,0,0.95,cpc,0,,0,,0,,,,0.0,0.0,
Combined,0,0.98,raw,1,0.9835137128829956,87,0.9885057471264368,73,0.9863013698630136,0.9264026272903616,0.997577748533516,0.1273996509598604,0.19672131147540983,
Combined,0,0.98,raw,0,,0,,0,,,,0.0,0.0,
Combined,0,0.98,cpc,1,,0,,0,,,,0.0,0.0,
Combined,0,0.98,cpc,0,,0,,0,,,,0.0,0.0,
Combined,1,0.95,raw,1,0.8387380242347717,164,0.9512195121951219,157,0.910828025477707,0.8558928180553419,0.946139201212831,0.27399650959860383,0.3907103825136612,
Combined,1,0.95,raw,0,-0.3218694925308227,4,1.0,3,1.0,0.4385029682449546,1.0,0.005235602094240838,0.014492753623188406,
Combined,1,0.95,cpc,1,1.0338356494903564,61,1.0,63,0.9682539682539683,0.8914352295339257,0.9912504724384196,0.1099476439790576,0.16666666666666666,
Combined,1,0.95,cpc,0,,0,,0,,,,0.0,0.0,
Combined,1,0.98,raw,1,1.0137873888015747,71,0.9859154929577465,72,0.9722222222222222,0.9042582477856177,0.9923489780955054,0.1256544502617801,0.1912568306010929,
Combined,1,0.98,raw,0,-0.3218694925308227,4,1.0,3,1.0,0.4385029682449546,1.0,0.005235602094240838,0.014492753623188406,
Combined,1,0.98,cpc,1,,0,,0,,,,0.0,0.0,
Combined,1,0.98,cpc,0,,0,,0,,,,0.0,0.0,
Combined,2,0.95,raw,1,0.95173579454422,107,0.9532710280373832,98,0.9795918367346939,0.9286178889362801,0.994385385844965,0.17102966841186737,0.26229508196721313,
Combined,2,0.95,raw,0,-0.2823585867881775,2,1.0,1,1.0,0.20654931437723745,1.0,0.0017452006980802793,0.004830917874396135,
Combined,2,0.95,cpc,1,,0,,0,,,,0.0,0.0,
Combined,2,0.95,cpc,0,,0,,0,,,,0.0,0.0,
Combined,2,0.98,raw,1,1.2259352207183838,25,1.0,20,0.9,0.6989663547715128,0.9721335187862319,0.034904013961605584,0.04918032786885246,
Combined,2,0.98,raw,0,-0.2823585867881775,2,1.0,1,1.0,0.20654931437723745,1.0,0.0017452006980802793,0.004830917874396135,
Combined,2,0.98,cpc,1,,0,,0,,,,0.0,0.0,
Combined,2,0.98,cpc,0,,0,,0,,,,0.0,0.0,
Combined,3,0.95,raw,1,0.8859344720840454,142,0.9507042253521126,150,0.9533333333333334,0.9068135276008725,0.9772134508387381,0.2617801047120419,0.3907103825136612,
Combined,3,0.95,raw,0,0.1279318928718567,54,0.9629629629629629,46,0.8478260869565217,0.71775860447939,0.9242771777219454,0.08027923211169284,0.18840579710144928,
Combined,3,0.95,cpc,1,1.0168404579162598,79,0.9873417721518988,88,0.9659090909090909,0.9045039578072996,0.9883390028004145,0.15357766143106458,0.23224043715846995,
Combined,3,0.95,cpc,0,,0,,0,,,,0.0,0.0,
Combined,3,0.98,raw,1,1.0168404579162598,79,0.9873417721518988,88,0.9659090909090909,0.9045039578072996,0.9883390028004145,0.15357766143106458,0.23224043715846995,
Combined,3,0.98,raw,0,0.1230560541152954,51,0.9803921568627451,45,0.8444444444444444,0.7121609112760374,0.9225457651524174,0.07853403141361257,0.18357487922705315,
Combined,3,0.98,cpc,1,,0,,0,,,,0.0,0.0,
Combined,3,0.98,cpc,0,,0,,0,,,,0.0,0.0,
Combined,4,0.95,raw,1,1.0988309383392334,66,0.9545454545454546,61,1.0,0.9407561321018871,1.0,0.10645724258289703,0.16576086956521738,
Combined,4,0.95,raw,0,0.0164546370506286,34,0.9705882352941176,24,0.9583333333333334,0.7975819352134406,0.9926065438344942,0.041884816753926704,0.11219512195121951,
Combined,4,0.95,cpc,1,,0,,0,,,,0.0,0.0,
Combined,4,0.95,cpc,0,,0,,0,,,,0.0,0.0,
Combined,4,0.98,raw,1,1.391200065612793,3,1.0,9,1.0,0.7008549515804559,1.0,0.015706806282722512,0.024456521739130436,
Combined,4,0.98,raw,0,-0.1105124354362487,16,1.0,10,0.9,0.5958499732047615,0.9821237869049271,0.017452006980802792,0.04390243902439024,
Combined,4,0.98,cpc,1,,0,,0,,,,0.0,0.0,
Combined,4,0.98,cpc,0,,0,,0,,,,0.0,0.0,
Combined,5,0.95,raw,1,0.921689510345459,125,0.952,121,0.9669421487603306,0.9180772072778853,0.9870708186058748,0.2111692844677138,0.3188010899182561,
Combined,5,0.95,raw,0,-0.551200807094574,1,1.0,0,,,,0.0,0.0,
Combined,5,0.95,cpc,1,,0,,0,,,,0.0,0.0,
Combined,5,0.95,cpc,0,,0,,0,,,,0.0,0.0,
Combined,5,0.98,raw,1,1.2167327404022217,28,1.0,25,1.0,0.8668077490609515,0.9999999999999999,0.04363001745200698,0.0681198910081744,
Combined,5,0.98,raw,0,-0.551200807094574,1,1.0,0,,,,0.0,0.0,
Combined,5,0.98,cpc,1,,0,,0,,,,0.0,0.0,
Combined,5,0.98,cpc,0,,0,,0,,,,0.0,0.0,
Combined,6,0.95,raw,1,1.1642842292785645,42,0.9523809523809523,29,1.0,0.8830302015002593,1.0,0.0506108202443281,0.07880434782608696,
Combined,6,0.95,raw,0,0.0867599844932556,28,0.9642857142857143,44,0.9090909090909091,0.7884076083340138,0.9640778067726837,0.07678883071553229,0.1951219512195122,
Combined,6,0.95,cpc,1,,0,,0,,,,0.0,0.0,
Combined,6,0.95,cpc,0,,0,,0,,,,0.0,0.0,
Combined,6,0.98,raw,1,1.2581236362457275,22,1.0,16,1.0,0.8063923194655637,1.0000000000000002,0.027923211169284468,0.043478260869565216,
Combined,6,0.98,raw,0,-0.0746054649353027,11,1.0,14,0.9285714285714286,0.6853129557584889,0.9872777847521093,0.02443280977312391,0.06341463414634146,
Combined,6,0.98,cpc,1,,0,,0,,,,0.0,0.0,
Combined,6,0.98,cpc,0,,0,,0,,,,0.0,0.0,
Combined,7,0.95,raw,1,0.7672268152236938,221,0.9502262443438914,230,0.9173913043478261,0.8745905186652275,0.9464785978562468,0.4013961605584642,0.5733695652173914,
Combined,7,0.95,raw,0,0.1639841794967651,45,0.9555555555555556,46,0.9130434782608695,0.7967533592588116,0.9656641321052741,0.08027923211169284,0.2048780487804878,
Combined,7,0.95,cpc,1,0.926033854484558,136,0.9779411764705882,136,0.9411764705882353,0.8882197031047836,0.9698949147773495,0.23734729493891799,0.34782608695652173,
Combined,7,0.95,cpc,0,,0,,0,,,,0.0,0.0,
Combined,7,0.98,raw,1,0.936085879802704,129,0.9844961240310077,133,0.9473684210526315,0.895345221012684,0.9742742716874622,0.23211169284467714,0.3423913043478261,
Combined,7,0.98,raw,0,0.0306050181388854,24,1.0,26,0.8846153846153846,0.7102409678828635,0.9599675537638938,0.04537521815008726,0.11219512195121951,
Combined,7,0.98,cpc,1,,0,,0,,,,0.0,0.0,
Combined,7,0.98,cpc,0,,0,,0,,,,0.0,0.0,
Combined,8,0.95,raw,1,0.885951042175293,145,0.9517241379310345,139,0.935251798561151,0.881528016222658,0.9655649846398489,0.2425828970331588,0.3561643835616438,
Combined,8,0.95,raw,0,0.115573763847351,46,0.9565217391304348,30,0.8666666666666667,0.703186733179637,0.9469034451594526,0.05235602094240838,0.125,
Combined,8,0.95,cpc,1,0.970165491104126,98,0.9897959183673469,105,0.9333333333333333,0.8687443513174588,0.9673341153439793,0.18324607329842932,0.2684931506849315,
Combined,8,0.95,cpc,0,,0,,0,,,,0.0,0.0,
Combined,8,0.98,raw,1,0.9599421620368958,103,0.9805825242718447,110,0.9363636363636364,0.874442538117898,0.9688354819855223,0.19197207678883071,0.2821917808219178,
Combined,8,0.98,raw,0,-0.0799841880798339,16,1.0,8,1.0,0.6755924351161198,1.0,0.013961605584642234,0.038461538461538464,
Combined,8,0.98,cpc,1,,0,,0,,,,0.0,0.0,
Combined,8,0.98,cpc,0,,0,,0,,,,0.0,0.0,
Combined,9,0.95,raw,1,0.9672178030014038,104,0.9519230769230769,95,0.9473684210526315,0.882651138829621,0.9773118869508504,0.16579406631762653,0.24456521739130435,
Combined,9,0.95,raw,0,-0.0550098419189453,14,1.0,24,1.0,0.8620237953250198,1.0,0.041884816753926704,0.11707317073170732,
Combined,9,0.95,cpc,1,,0,,0,,,,0.0,0.0,
Combined,9,0.95,cpc,0,,0,,0,,,,0.0,0.0,
Combined,9,0.98,raw,1,1.1735954284667969,33,1.0,26,1.0,0.8712710781407846,1.0,0.04537521815008726,0.07065217391304347,
Combined,9,0.98,raw,0,-0.0550098419189453,14,1.0,24,1.0,0.8620237953250198,1.0,0.041884816753926704,0.11707317073170732,
Combined,9,0.98,cpc,1,,0,,0,,,,0.0,0.0,
Combined,9,0.98,cpc,0,,0,,0,,,,0.0,0.0,
Summary_RF,0,0.95,raw,1,0.8188012768331341,21,0.9523809523809523,33,0.9393939393939394,0.8039375519135219,0.9832191169128082,0.05759162303664921,0.08469945355191257,
Summary_RF,0,0.95,raw,0,0.1823327849837505,6,1.0,10,0.7,0.39677814746114537,0.8922087325936989,0.017452006980802792,0.033816425120772944,
Summary_RF,0,0.95,cpc,1,,0,,0,,,,0.0,0.0,
Summary_RF,0,0.95,cpc,0,,0,,0,,,,0.0,0.0,
Summary_RF,0,0.98,raw,1,0.84186836215842,14,1.0,24,0.9166666666666666,0.741511978067893,0.9768411847029567,0.041884816753926704,0.060109289617486336,
Summary_RF,0,0.98,raw,0,0.1823327849837505,6,1.0,10,0.7,0.39677814746114537,0.8922087325936989,0.017452006980802792,0.033816425120772944,
Summary_RF,0,0.98,cpc,1,,0,,0,,,,0.0,0.0,
Summary_RF,0,0.98,cpc,0,,0,,0,,,,0.0,0.0,
Summary_RF,1,0.95,raw,1,0.9237899405300658,2,1.0,2,0.5,0.09453120573423074,0.9054687942657693,0.0034904013961605585,0.00273224043715847,
Summary_RF,1,0.95,raw,0,0.206258733527212,10,1.0,10,0.7,0.39677814746114537,0.8922087325936989,0.017452006980802792,0.033816425120772944,
Summary_RF,1,0.95,cpc,1,,0,,0,,,,0.0,0.0,
Summary_RF,1,0.95,cpc,0,,0,,0,,,,0.0,0.0,
Summary_RF,1,0.98,raw,1,0.9237899405300658,2,1.0,2,0.5,0.09453120573423074,0.9054687942657693,0.0034904013961605585,0.00273224043715847,
Summary_RF,1,0.98,raw,0,0.206258733527212,10,1.0,10,0.7,0.39677814746114537,0.8922087325936989,0.017452006980802792,0.033816425120772944,
Summary_RF,1,0.98,cpc,1,,0,,0,,,,0.0,0.0,
Summary_RF,1,0.98,cpc,0,,0,,0,,,,0.0,0.0,
Summary_RF,2,0.95,raw,1,0.8910155985980033,5,1.0,7,0.8571428571428571,0.4868721707256811,0.9743203756552565,0.012216404886561954,0.01639344262295082,
Summary_RF,2,0.95,raw,0,0.191286118464807,3,1.0,5,0.6,0.2307242812760128,0.882379225767352,0.008726003490401396,0.014492753623188406,
Summary_RF,2,0.95,cpc,1,,0,,0,,,,0.0,0.0,
Summary_RF,2,0.95,cpc,0,,0,,0,,,,0.0,0.0,
Summary_RF,2,0.98,raw,1,0.8910155985980033,5,1.0,7,0.8571428571428571,0.4868721707256811,0.9743203756552565,0.012216404886561954,0.01639344262295082,
Summary_RF,2,0.98,raw,0,0.191286118464807,3,1.0,5,0.6,0.2307242812760128,0.882379225767352,0.008726003490401396,0.014492753623188406,
Summary_RF,2,0.98,cpc,1,,0,,0,,,,0.0,0.0,
Summary_RF,2,0.98,cpc,0,,0,,0,,,,0.0,0.0,
Summary_RF,3,0.95,raw,1,0.9054643001596638,5,1.0,7,1.0,0.6456695649333126,1.0,0.012216404886561954,0.01912568306010929,
Summary_RF,3,0.95,raw,0,,0,,0,,,,0.0,0.0,
Summary_RF,3,0.95,cpc,1,,0,,0,,,,0.0,0.0,
Summary_RF,3,0.95,cpc,0,,0,,0,,,,0.0,0.0,
Summary_RF,3,0.98,raw,1,0.9054643001596638,5,1.0,7,1.0,0.6456695649333126,1.0,0.012216404886561954,0.01912568306010929,
Summary_RF,3,0.98,raw,0,,0,,0,,,,0.0,0.0,
Summary_RF,3,0.98,cpc,1,,0,,0,,,,0.0,0.0,
Summary_RF,3,0.98,cpc,0,,0,,0,,,,0.0,0.0,
Summary_RF,4,0.95,raw,1,0.9213789480779072,3,1.0,1,1.0,0.20654931437723745,1.0,0.0017452006980802793,0.002717391304347826,
Summary_RF,4,0.95,raw,0,,0,,0,,,,0.0,0.0,
Summary_RF,4,0.95,cpc,1,,0,,0,,,,0.0,0.0,
Summary_RF,4,0.95,cpc,0,,0,,0,,,,0.0,0.0,
Summary_RF,4,0.98,raw,1,0.9213789480779072,3,1.0,1,1.0,0.20654931437723745,1.0,0.0017452006980802793,0.002717391304347826,
Summary_RF,4,0.98,raw,0,,0,,0,,,,0.0,0.0,
Summary_RF,4,0.98,cpc,1,,0,,0,,,,0.0,0.0,
Summary_RF,4,0.98,cpc,0,,0,,0,,,,0.0,0.0,
Summary_RF,5,0.95,raw,1,0.8566755423665263,21,0.9523809523809523,14,0.7857142857142857,0.524107694133997,0.9242861328730683,0.02443280977312391,0.02997275204359673,
Summary_RF,5,0.95,raw,0,,0,,0,,,,0.0,0.0,
Summary_RF,5,0.95,cpc,1,,0,,0,,,,0.0,0.0,
Summary_RF,5,0.95,cpc,0,,0,,0,,,,0.0,0.0,
Summary_RF,5,0.98,raw,1,0.8645899328717325,13,1.0,12,0.75,0.46769466506643426,0.9110583316059453,0.020942408376963352,0.02452316076294278,
Summary_RF,5,0.98,raw,0,,0,,0,,,,0.0,0.0,
Summary_RF,5,0.98,cpc,1,,0,,0,,,,0.0,0.0,
Summary_RF,5,0.98,cpc,0,,0,,0,,,,0.0,0.0,
Summary_RF,6,0.95,raw,1,0.9009507710115447,2,1.0,1,1.0,0.20654931437723745,1.0,0.0017452006980802793,0.002717391304347826,
Summary_RF,6,0.95,raw,0,0.1851602304166441,2,1.0,5,0.8,0.37553462976252533,0.9637758913675698,0.008726003490401396,0.01951219512195122,
Summary_RF,6,0.95,cpc,1,,0,,0,,,,0.0,0.0,
Summary_RF,6,0.95,cpc,0,,0,,0,,,,0.0,0.0,
Summary_RF,6,0.98,raw,1,0.9009507710115447,2,1.0,1,1.0,0.20654931437723745,1.0,0.0017452006980802793,0.002717391304347826,
Summary_RF,6,0.98,raw,0,0.1851602304166441,2,1.0,5,0.8,0.37553462976252533,0.9637758913675698,0.008726003490401396,0.01951219512195122,
Summary_RF,6,0.98,cpc,1,,0,,0,,,,0.0,0.0,
Summary_RF,6,0.98,cpc,0,,0,,0,,,,0.0,0.0,
Summary_RF,7,0.95,raw,1,,0,,0,,,,0.0,0.0,
Summary_RF,7,0.95,raw,0,,0,,0,,,,0.0,0.0,
Summary_RF,7,0.95,cpc,1,,0,,0,,,,0.0,0.0,
Summary_RF,7,0.95,cpc,0,,0,,0,,,,0.0,0.0,
Summary_RF,7,0.98,raw,1,,0,,0,,,,0.0,0.0,
Summary_RF,7,0.98,raw,0,,0,,0,,,,0.0,0.0,
Summary_RF,7,0.98,cpc,1,,0,,0,,,,0.0,0.0,
Summary_RF,7,0.98,cpc,0,,0,,0,,,,0.0,0.0,
Summary_RF,8,0.95,raw,1,0.874060396728402,6,1.0,9,0.8888888888888888,0.5650002944233439,0.9801091123614551,0.015706806282722512,0.021917808219178082,
Summary_RF,8,0.95,raw,0,0.131394865674813,1,1.0,2,0.5,0.09453120573423074,0.9054687942657693,0.0034904013961605585,0.004807692307692308,
Summary_RF,8,0.95,cpc,1,,0,,0,,,,0.0,0.0,
Summary_RF,8,0.95,cpc,0,,0,,0,,,,0.0,0.0,
Summary_RF,8,0.98,raw,1,0.874060396728402,6,1.0,9,0.8888888888888888,0.5650002944233439,0.9801091123614551,0.015706806282722512,0.021917808219178082,
Summary_RF,8,0.98,raw,0,0.131394865674813,1,1.0,2,0.5,0.09453120573423074,0.9054687942657693,0.0034904013961605585,0.004807692307692308,
Summary_RF,8,0.98,cpc,1,,0,,0,,,,0.0,0.0,
Summary_RF,8,0.98,cpc,0,,0,,0,,,,0.0,0.0,
Summary_RF,9,0.95,raw,1,0.8845344565183058,12,1.0,9,0.8888888888888888,0.5650002944233439,0.9801091123614551,0.015706806282722512,0.021739130434782608,
Summary_RF,9,0.95,raw,0,,0,,0,,,,0.0,0.0,
Summary_RF,9,0.95,cpc,1,,0,,0,,,,0.0,0.0,
Summary_RF,9,0.95,cpc,0,,0,,0,,,,0.0,0.0,
Summary_RF,9,0.98,raw,1,0.8845344565183058,12,1.0,9,0.8888888888888888,0.5650002944233439,0.9801091123614551,0.015706806282722512,0.021739130434782608,
Summary_RF,9,0.98,raw,0,,0,,0,,,,0.0,0.0,
Summary_RF,9,0.98,cpc,1,,0,,0,,,,0.0,0.0,
Summary_RF,9,0.98,cpc,0,,0,,0,,,,0.0,0.0,
BASE_x_P40,0,0.95,raw,1,,0,,0,,,,0.0,0.0,A
BASE_x_P40,0,0.95,raw,0,0.1740617674587457,7,1.0,1,1.0,0.20654931437723745,1.0,0.003484320557491289,0.00909090909090909,A
BASE_x_P40,0,0.95,cpc,1,,0,,0,,,,0.0,0.0,A
BASE_x_P40,0,0.95,cpc,0,,0,,0,,,,0.0,0.0,A
BASE_x_P40,0,0.98,raw,1,,0,,0,,,,0.0,0.0,A
BASE_x_P40,0,0.98,raw,0,0.1740617674587457,7,1.0,1,1.0,0.20654931437723745,1.0,0.003484320557491289,0.00909090909090909,A
BASE_x_P40,0,0.98,cpc,1,,0,,0,,,,0.0,0.0,A
BASE_x_P40,0,0.98,cpc,0,,0,,0,,,,0.0,0.0,A
BASE_x_P40,0,0.95,raw,1,0.8002561544521163,30,0.9666666666666667,25,0.88,0.7004420607907267,0.9583318284955964,0.08741258741258741,0.1164021164021164,B
BASE_x_P40,0,0.95,raw,0,0.1880631464496352,5,1.0,7,1.0,0.6456695649333126,1.0,0.024475524475524476,0.07216494845360824,B
BASE_x_P40,0,0.95,cpc,1,,0,,0,,,,0.0,0.0,B
BASE_x_P40,0,0.95,cpc,0,,0,,0,,,,0.0,0.0,B
BASE_x_P40,0,0.98,raw,1,0.8300006140336467,21,1.0,15,0.8666666666666667,0.6211801716767764,0.9626387408969346,0.05244755244755245,0.06878306878306878,B
BASE_x_P40,0,0.98,raw,0,0.1880631464496352,5,1.0,7,1.0,0.6456695649333126,1.0,0.024475524475524476,0.07216494845360824,B
BASE_x_P40,0,0.98,cpc,1,,0,,0,,,,0.0,0.0,B
BASE_x_P40,0,0.98,cpc,0,,0,,0,,,,0.0,0.0,B
BASE_x_P40,1,0.95,raw,1,0.8443766420942631,30,0.9666666666666667,20,1.0,0.8388748419471806,1.0,0.06968641114982578,0.10204081632653061,A
BASE_x_P40,1,0.95,raw,0,0.1033674850138007,4,1.0,0,,,,0.0,0.0,A
BASE_x_P40,1,0.95,cpc,1,,0,,0,,,,0.0,0.0,A
BASE_x_P40,1,0.95,cpc,0,,0,,0,,,,0.0,0.0,A
BASE_x_P40,1,0.98,raw,1,0.8484909238487798,28,1.0,15,1.0,0.7961166989641515,1.0,0.05226480836236934,0.07653061224489796,A
BASE_x_P40,1,0.98,raw,0,0.1033674850138007,4,1.0,0,,,,0.0,0.0,A
BASE_x_P40,1,0.98,cpc,1,,0,,0,,,,0.0,0.0,A
BASE_x_P40,1,0.98,cpc,0,,0,,0,,,,0.0,0.0,A
BASE_x_P40,1,0.95,raw,1,0.8246790230211783,31,0.967741935483871,38,0.868421052631579,0.7267314055770869,0.9424613230987987,0.13286713286713286,0.19411764705882353,B
BASE_x_P40,1,0.95,raw,0,0.1608301583230666,1,1.0,9,0.7777777777777778,0.45258896910698887,0.9367748928821533,0.03146853146853147,0.0603448275862069,B
BASE_x_P40,1,0.95,cpc,1,,0,,0,,,,0.0,0.0,B
BASE_x_P40,1,0.95,cpc,0,,0,,0,,,,0.0,0.0,B
BASE_x_P40,1,0.98,raw,1,0.8277676618293981,30,1.0,38,0.868421052631579,0.7267314055770869,0.9424613230987987,0.13286713286713286,0.19411764705882353,B
BASE_x_P40,1,0.98,raw,0,0.1608301583230666,1,1.0,9,0.7777777777777778,0.45258896910698887,0.9367748928821533,0.03146853146853147,0.0603448275862069,B
BASE_x_P40,1,0.98,cpc,1,,0,,0,,,,0.0,0.0,B
BASE_x_P40,1,0.98,cpc,0,,0,,0,,,,0.0,0.0,B
BASE_x_P40,2,0.95,raw,1,0.8751669198481349,10,1.0,11,0.9090909090909091,0.6226415635484043,0.9837678271141151,0.03832752613240418,0.05747126436781609,A
BASE_x_P40,2,0.95,raw,0,0.1874181375378432,4,1.0,1,1.0,0.20654931437723745,1.0,0.003484320557491289,0.008849557522123894,A
BASE_x_P40,2,0.95,cpc,1,,0,,0,,,,0.0,0.0,A
BASE_x_P40,2,0.95,cpc,0,,0,,0,,,,0.0,0.0,A
BASE_x_P40,2,0.98,raw,1,0.8751669198481349,10,1.0,11,0.9090909090909091,0.6226415635484043,0.9837678271141151,0.03832752613240418,0.05747126436781609,A
BASE_x_P40,2,0.98,raw,0,0.1874181375378432,4,1.0,1,1.0,0.20654931437723745,1.0,0.003484320557491289,0.008849557522123894,A
BASE_x_P40,2,0.98,cpc,1,,0,,0,,,,0.0,0.0,A
BASE_x_P40,2,0.98,cpc,0,,0,,0,,,,0.0,0.0,A
BASE_x_P40,2,0.95,raw,1,,0,,0,,,,0.0,0.0,B
BASE_x_P40,2,0.95,raw,0,0.2355244099561132,5,1.0,10,0.8,0.49016247153664183,0.9433178485456247,0.03496503496503497,0.0851063829787234,B
BASE_x_P40,2,0.95,cpc,1,,0,,0,,,,0.0,0.0,B
BASE_x_P40,2,0.95,cpc,0,,0,,0,,,,0.0,0.0,B
BASE_x_P40,2,0.98,raw,1,,0,,0,,,,0.0,0.0,B
BASE_x_P40,2,0.98,raw,0,0.2355244099561132,5,1.0,10,0.8,0.49016247153664183,0.9433178485456247,0.03496503496503497,0.0851063829787234,B
BASE_x_P40,2,0.98,cpc,1,,0,,0,,,,0.0,0.0,B
BASE_x_P40,2,0.98,cpc,0,,0,,0,,,,0.0,0.0,B
BASE_x_P40,3,0.95,raw,1,0.8634624776646511,17,1.0,11,0.9090909090909091,0.6226415635484043,0.9837678271141151,0.03832752613240418,0.054945054945054944,A
BASE_x_P40,3,0.95,raw,0,0.2704489741962181,9,1.0,22,0.7727272727272727,0.5656004682477829,0.8987696001475147,0.07665505226480836,0.1619047619047619,A
BASE_x_P40,3,0.95,cpc,1,,0,,0,,,,0.0,0.0,A
BASE_x_P40,3,0.95,cpc,0,,0,,0,,,,0.0,0.0,A
BASE_x_P40,3,0.98,raw,1,0.8634624776646511,17,1.0,11,0.9090909090909091,0.6226415635484043,0.9837678271141151,0.03832752613240418,0.054945054945054944,A
BASE_x_P40,3,0.98,raw,0,0.2704489741962181,9,1.0,22,0.7727272727272727,0.5656004682477829,0.8987696001475147,0.07665505226480836,0.1619047619047619,A
BASE_x_P40,3,0.98,cpc,1,,0,,0,,,,0.0,0.0,A
BASE_x_P40,3,0.98,cpc,0,,0,,0,,,,0.0,0.0,A
BASE_x_P40,3,0.95,raw,1,0.7961612868434064,40,0.95,53,0.9056603773584906,0.7974627262370373,0.9590273585027496,0.1853146853146853,0.2608695652173913,B
BASE_x_P40,3,0.95,raw,0,0.1320344753900825,2,1.0,0,,,,0.0,0.0,B
BASE_x_P40,3,0.95,cpc,1,,0,,0,,,,0.0,0.0,B
BASE_x_P40,3,0.95,cpc,0,,0,,0,,,,0.0,0.0,B
BASE_x_P40,3,0.98,raw,1,0.882112720841882,9,1.0,10,1.0,0.7224672001371107,0.9999999999999999,0.03496503496503497,0.05434782608695652,B
BASE_x_P40,3,0.98,raw,0,0.1320344753900825,2,1.0,0,,,,0.0,0.0,B
BASE_x_P40,3,0.98,cpc,1,,0,,0,,,,0.0,0.0,B
BASE_x_P40,3,0.98,cpc,0,,0,,0,,,,0.0,0.0,B
BASE_x_P40,4,0.95,raw,1,0.7529886350313485,50,0.96,70,0.8857142857142857,0.7903577841784561,0.9409387105336235,0.24390243902439024,0.32978723404255317,A
BASE_x_P40,4,0.95,raw,0,0.2339107543526604,6,1.0,11,0.9090909090909091,0.6226415635484043,0.9837678271141151,0.03832752613240418,0.10101010101010101,A
BASE_x_P40,4,0.95,cpc,1,,0,,0,,,,0.0,0.0,A
BASE_x_P40,4,0.95,cpc,0,,0,,0,,,,0.0,0.0,A
BASE_x_P40,4,0.98,raw,1,0.8073099696455247,24,1.0,43,0.9534883720930233,0.8454450199593603,0.9871507399056197,0.14982578397212543,0.21808510638297873,A
BASE_x_P40,4,0.98,raw,0,0.2339107543526604,6,1.0,11,0.9090909090909091,0.6226415635484043,0.9837678271141151,0.03832752613240418,0.10101010101010101,A
BASE_x_P40,4,0.98,cpc,1,,0,,0,,,,0.0,0.0,A
BASE_x_P40,4,0.98,cpc,0,,0,,0,,,,0.0,0.0,A
BASE_x_P40,4,0.95,raw,1,0.8092500199458362,43,0.9534883720930233,23,1.0,0.8568833815495731,1.0,0.08041958041958042,0.12777777777777777,B
BASE_x_P40,4,0.95,raw,0,0.2886872215000485,23,0.9565217391304348,15,0.8,0.5481455128483065,0.9295245065301844,0.05244755244755245,0.11320754716981132,B
BASE_x_P40,4,0.95,cpc,1,,0,,0,,,,0.0,0.0,B
BASE_x_P40,4,0.95,cpc,0,,0,,0,,,,0.0,0.0,B
BASE_x_P40,4,0.98,raw,1,0.8366082946320872,23,1.0,17,1.0,0.8156818649911483,1.0,0.05944055944055944,0.09444444444444444,B
BASE_x_P40,4,0.98,raw,0,0.1791257759638459,5,1.0,3,1.0,0.4385029682449546,1.0,0.01048951048951049,0.02830188679245283,B
BASE_x_P40,4,0.98,cpc,1,,0,,0,,,,0.0,0.0,B
BASE_x_P40,4,0.98,cpc,0,,0,,0,,,,0.0,0.0,B
BASE_x_P40,5,0.95,raw,1,0.9305511835558714,1,1.0,0,,,,0.0,0.0,A
BASE_x_P40,5,0.95,raw,0,0.2225169121339343,9,1.0,9,0.8888888888888888,0.5650002944233439,0.9801091123614551,0.0313588850174216,0.07476635514018691,A
BASE_x_P40,5,0.95,cpc,1,,0,,0,,,,0.0,0.0,A
BASE_x_P40,5,0.95,cpc,0,,0,,0,,,,0.0,0.0,A
BASE_x_P40,5,0.98,raw,1,0.9305511835558714,1,1.0,0,,,,0.0,0.0,A
BASE_x_P40,5,0.98,raw,0,0.2225169121339343,9,1.0,9,0.8888888888888888,0.5650002944233439,0.9801091123614551,0.0313588850174216,0.07476635514018691,A
BASE_x_P40,5,0.98,cpc,1,,0,,0,,,,0.0,0.0,A
BASE_x_P40,5,0.98,cpc,0,,0,,0,,,,0.0,0.0,A
BASE_x_P40,5,0.95,raw,1,0.7243052398904672,64,0.953125,67,0.8656716417910447,0.7639962773866296,0.927689083357045,0.23426573426573427,0.31016042780748665,B
BASE_x_P40,5,0.95,raw,0,0.2992273437073806,30,0.9666666666666667,23,0.782608695652174,0.5809651698373599,0.9033602197341379,0.08041958041958042,0.18181818181818182,B
BASE_x_P40,5,0.95,cpc,1,,0,,0,,,,0.0,0.0,B
BASE_x_P40,5,0.95,cpc,0,,0,,0,,,,0.0,0.0,B
BASE_x_P40,5,0.98,raw,1,0.8241051115042783,24,1.0,21,0.9047619047619048,0.7108586092608176,0.9734812325619255,0.07342657342657342,0.10160427807486631,B
BASE_x_P40,5,0.98,raw,0,0.1813500966402778,5,1.0,2,1.0,0.34238022750665303,1.0,0.006993006993006993,0.020202020202020204,B
BASE_x_P40,5,0.98,cpc,1,,0,,0,,,,0.0,0.0,B
BASE_x_P40,5,0.98,cpc,0,,0,,0,,,,0.0,0.0,B
BASE_x_P40,6,0.95,raw,1,0.8263328679429442,23,0.9565217391304348,17,1.0,0.8156818649911483,1.0,0.059233449477351915,0.0918918918918919,A
BASE_x_P40,6,0.95,raw,0,0.2035376881144143,8,1.0,8,0.75,0.40927543031016883,0.9285207872478909,0.027874564459930314,0.058823529411764705,A
BASE_x_P40,6,0.95,cpc,1,,0,,0,,,,0.0,0.0,A
BASE_x_P40,6,0.95,cpc,0,,0,,0,,,,0.0,0.0,A
BASE_x_P40,6,0.98,raw,1,0.8285944656231551,21,1.0,16,1.0,0.8063923194655637,1.0000000000000002,0.05574912891986063,0.08648648648648649,A
BASE_x_P40,6,0.98,raw,0,0.2035376881144143,8,1.0,8,0.75,0.40927543031016883,0.9285207872478909,0.027874564459930314,0.058823529411764705,A
BASE_x_P40,6,0.98,cpc,1,,0,,0,,,,0.0,0.0,A
BASE_x_P40,6,0.98,cpc,0,,0,,0,,,,0.0,0.0,A
BASE_x_P40,6,0.95,raw,1,0.7688353387427347,43,0.9534883720930233,50,0.9,0.7863976856252035,0.9565242350681096,0.17482517482517482,0.2459016393442623,B
BASE_x_P40,6,0.95,raw,0,0.1590467139644748,6,1.0,1,1.0,0.20654931437723745,1.0,0.0034965034965034965,0.009708737864077669,B
BASE_x_P40,6,0.95,cpc,1,,0,,0,,,,0.0,0.0,B
BASE_x_P40,6,0.95,cpc,0,,0,,0,,,,0.0,0.0,B
BASE_x_P40,6,0.98,raw,1,0.7837010472459148,36,1.0,41,0.9024390243902439,0.7745231869447662,0.9614029151019106,0.14335664335664336,0.20218579234972678,B
BASE_x_P40,6,0.98,raw,0,0.1590467139644748,6,1.0,1,1.0,0.20654931437723745,1.0,0.0034965034965034965,0.009708737864077669,B
BASE_x_P40,6,0.98,cpc,1,,0,,0,,,,0.0,0.0,B
BASE_x_P40,6,0.98,cpc,0,,0,,0,,,,0.0,0.0,B
BASE_x_P40,7,0.95,raw,1,0.7304070231135971,66,0.9545454545454546,70,0.8857142857142857,0.7903577841784561,0.9409387105336235,0.24390243902439024,0.32978723404255317,A
BASE_x_P40,7,0.95,raw,0,0.1966270710647997,3,1.0,6,0.8333333333333334,0.43649717781352987,0.9699466302516935,0.020905923344947737,0.050505050505050504,A
BASE_x_P40,7,0.95,cpc,1,,0,,0,,,,0.0,0.0,A
BASE_x_P40,7,0.95,cpc,0,,0,,0,,,,0.0,0.0,A
BASE_x_P40,7,0.98,raw,1,0.7603426298773812,51,0.9803921568627451,56,0.9107142857142857,0.8074399861448884,0.9612578515504131,0.1951219512195122,0.2712765957446808,A
BASE_x_P40,7,0.98,raw,0,0.1966270710647997,3,1.0,6,0.8333333333333334,0.43649717781352987,0.9699466302516935,0.020905923344947737,0.050505050505050504,A
BASE_x_P40,7,0.98,cpc,1,,0,,0,,,,0.0,0.0,A
BASE_x_P40,7,0.98,cpc,0,,0,,0,,,,0.0,0.0,A
BASE_x_P40,7,0.95,raw,1,0.8266417462234743,26,0.9615384615384616,26,1.0,0.8712710781407846,1.0,0.09090909090909091,0.14444444444444443,B
BASE_x_P40,7,0.95,raw,0,0.1297628865567776,1,1.0,0,,,,0.0,0.0,B
BASE_x_P40,7,0.95,cpc,1,,0,,0,,,,0.0,0.0,B
BASE_x_P40,7,0.95,cpc,0,,0,,0,,,,0.0,0.0,B
BASE_x_P40,7,0.98,raw,1,0.8672300528360211,11,1.0,8,1.0,0.6755924351161198,1.0,0.027972027972027972,0.044444444444444446,B
BASE_x_P40,7,0.98,raw,0,0.1297628865567776,1,1.0,0,,,,0.0,0.0,B
BASE_x_P40,7,0.98,cpc,1,,0,,0,,,,0.0,0.0,B
BASE_x_P40,7,0.98,cpc,0,,0,,0,,,,0.0,0.0,B
BASE_x_P40,8,0.95,raw,1,0.758366596335714,56,0.9642857142857143,57,0.8596491228070176,0.746755353906559,0.9271272385676139,0.1986062717770035,0.2737430167597765,A
BASE_x_P40,8,0.95,raw,0,0.2266501599418771,11,1.0,12,0.6666666666666666,0.39062208887279953,0.8618799089087867,0.041811846689895474,0.07407407407407407,A
BASE_x_P40,8,0.95,cpc,1,,0,,0,,,,0.0,0.0,A
BASE_x_P40,8,0.95,cpc,0,,0,,0,,,,0.0,0.0,A
BASE_x_P40,8,0.98,raw,1,0.8256438073023308,25,1.0,18,0.9444444444444444,0.7424269921812741,0.990124809021697,0.0627177700348432,0.09497206703910614,A
BASE_x_P40,8,0.98,raw,0,0.2266501599418771,11,1.0,12,0.6666666666666666,0.39062208887279953,0.8618799089087867,0.041811846689895474,0.07407407407407407,A
BASE_x_P40,8,0.98,cpc,1,,0,,0,,,,0.0,0.0,A
BASE_x_P40,8,0.98,cpc,0,,0,,0,,,,0.0,0.0,A
BASE_x_P40,8,0.95,raw,1,0.8212006313240673,20,0.95,25,1.0,0.8668077490609515,0.9999999999999999,0.08741258741258741,0.13440860215053763,B
BASE_x_P40,8,0.95,raw,0,,0,,0,,,,0.0,0.0,B
BASE_x_P40,8,0.95,cpc,1,,0,,0,,,,0.0,0.0,B
BASE_x_P40,8,0.95,cpc,0,,0,,0,,,,0.0,0.0,B
BASE_x_P40,8,0.98,raw,1,0.8831703567023469,8,1.0,8,1.0,0.6755924351161198,1.0,0.027972027972027972,0.043010752688172046,B
BASE_x_P40,8,0.98,raw,0,,0,,0,,,,0.0,0.0,B
BASE_x_P40,8,0.98,cpc,1,,0,,0,,,,0.0,0.0,B
BASE_x_P40,8,0.98,cpc,0,,0,,0,,,,0.0,0.0,B
BASE_x_P40,9,0.95,raw,1,0.8230950709080445,27,0.9629629629629629,23,0.8260869565217391,0.6286235235977385,0.9302134643693744,0.08013937282229965,0.10270270270270271,A
BASE_x_P40,9,0.95,raw,0,0.1738673746360577,7,1.0,2,1.0,0.34238022750665303,1.0,0.006968641114982578,0.0196078431372549,A
BASE_x_P40,9,0.95,cpc,1,,0,,0,,,,0.0,0.0,A
BASE_x_P40,9,0.95,cpc,0,,0,,0,,,,0.0,0.0,A
BASE_x_P40,9,0.98,raw,1,0.9248648344642576,3,1.0,2,1.0,0.34238022750665303,1.0,0.006968641114982578,0.010810810810810811,A
BASE_x_P40,9,0.98,raw,0,0.1738673746360577,7,1.0,2,1.0,0.34238022750665303,1.0,0.006968641114982578,0.0196078431372549,A
BASE_x_P40,9,0.98,cpc,1,,0,,0,,,,0.0,0.0,A
BASE_x_P40,9,0.98,cpc,0,,0,,0,,,,0.0,0.0,A
BASE_x_P40,9,0.95,raw,1,0.911175290584342,4,1.0,4,0.75,0.30064184258240184,0.9544127391902995,0.013986013986013986,0.01639344262295082,B
BASE_x_P40,9,0.95,raw,0,0.1761636929341345,3,1.0,7,1.0,0.6456695649333126,1.0,0.024475524475524476,0.06796116504854369,B
BASE_x_P40,9,0.95,cpc,1,,0,,0,,,,0.0,0.0,B
BASE_x_P40,9,0.95,cpc,0,,0,,0,,,,0.0,0.0,B
BASE_x_P40,9,0.98,raw,1,0.911175290584342,4,1.0,4,0.75,0.30064184258240184,0.9544127391902995,0.013986013986013986,0.01639344262295082,B
BASE_x_P40,9,0.98,raw,0,0.1761636929341345,3,1.0,7,1.0,0.6456695649333126,1.0,0.024475524475524476,0.06796116504854369,B
BASE_x_P40,9,0.98,cpc,1,,0,,0,,,,0.0,0.0,B
BASE_x_P40,9,0.98,cpc,0,,0,,0,,,,0.0,0.0,B
Random,0,0.95,raw,1,0.9987812264576656,2,1.0,1,0.0,0.0,0.7934506856227626,0.0017452006980802793,0.0,
Random,0,0.95,raw,0,0.0011443826778969601,1,1.0,1,0.0,0.0,0.7934506856227626,0.0017452006980802793,0.0,
Random,0,0.95,cpc,1,,0,,0,,,,0.0,0.0,
Random,0,0.95,cpc,0,,0,,0,,,,0.0,0.0,
Random,0,0.98,raw,1,0.9987812264576656,2,1.0,1,0.0,0.0,0.7934506856227626,0.0017452006980802793,0.0,
Random,0,0.98,raw,0,0.0011443826778969601,1,1.0,1,0.0,0.0,0.7934506856227626,0.0017452006980802793,0.0,
Random,0,0.98,cpc,1,,0,,0,,,,0.0,0.0,
Random,0,0.98,cpc,0,,0,,0,,,,0.0,0.0,
Random,1,0.95,raw,1,,0,,0,,,,0.0,0.0,
Random,1,0.95,raw,0,,0,,0,,,,0.0,0.0,
Random,1,0.95,cpc,1,,0,,0,,,,0.0,0.0,
Random,1,0.95,cpc,0,,0,,0,,,,0.0,0.0,
Random,1,0.98,raw,1,,0,,0,,,,0.0,0.0,
Random,1,0.98,raw,0,,0,,0,,,,0.0,0.0,
Random,1,0.98,cpc,1,,0,,0,,,,0.0,0.0,
Random,1,0.98,cpc,0,,0,,0,,,,0.0,0.0,
Random,2,0.95,raw,1,,0,,0,,,,0.0,0.0,
Random,2,0.95,raw,0,,0,,0,,,,0.0,0.0,
Random,2,0.95,cpc,1,,0,,0,,,,0.0,0.0,
Random,2,0.95,cpc,0,,0,,0,,,,0.0,0.0,
Random,2,0.98,raw,1,,0,,0,,,,0.0,0.0,
Random,2,0.98,raw,0,,0,,0,,,,0.0,0.0,
Random,2,0.98,cpc,1,,0,,0,,,,0.0,0.0,
Random,2,0.98,cpc,0,,0,,0,,,,0.0,0.0,
Random,3,0.95,raw,1,0.9975045015969703,3,1.0,1,1.0,0.20654931437723745,1.0,0.0017452006980802793,0.00273224043715847,
Random,3,0.95,raw,0,,0,,0,,,,0.0,0.0,
Random,3,0.95,cpc,1,,0,,0,,,,0.0,0.0,
Random,3,0.95,cpc,0,,0,,0,,,,0.0,0.0,
Random,3,0.98,raw,1,0.9975045015969703,3,1.0,1,1.0,0.20654931437723745,1.0,0.0017452006980802793,0.00273224043715847,
Random,3,0.98,raw,0,,0,,0,,,,0.0,0.0,
Random,3,0.98,cpc,1,,0,,0,,,,0.0,0.0,
Random,3,0.98,cpc,0,,0,,0,,,,0.0,0.0,
Random,4,0.95,raw,1,,0,,0,,,,0.0,0.0,
Random,4,0.95,raw,0,,0,,0,,,,0.0,0.0,
Random,4,0.95,cpc,1,,0,,0,,,,0.0,0.0,
Random,4,0.95,cpc,0,,0,,0,,,,0.0,0.0,
Random,4,0.98,raw,1,,0,,0,,,,0.0,0.0,
Random,4,0.98,raw,0,,0,,0,,,,0.0,0.0,
Random,4,0.98,cpc,1,,0,,0,,,,0.0,0.0,
Random,4,0.98,cpc,0,,0,,0,,,,0.0,0.0,
Random,5,0.95,raw,1,0.996623783862589,2,1.0,3,0.6666666666666666,0.2076596008020477,0.9385080552796037,0.005235602094240838,0.005449591280653951,
Random,5,0.95,raw,0,,0,,0,,,,0.0,0.0,
Random,5,0.95,cpc,1,,0,,0,,,,0.0,0.0,
Random,5,0.95,cpc,0,,0,,0,,,,0.0,0.0,
Random,5,0.98,raw,1,0.996623783862589,2,1.0,3,0.6666666666666666,0.2076596008020477,0.9385080552796037,0.005235602094240838,0.005449591280653951,
Random,5,0.98,raw,0,,0,,0,,,,0.0,0.0,
Random,5,0.98,cpc,1,,0,,0,,,,0.0,0.0,
Random,5,0.98,cpc,0,,0,,0,,,,0.0,0.0,
Random,6,0.95,raw,1,,0,,0,,,,0.0,0.0,
Random,6,0.95,raw,0,,0,,0,,,,0.0,0.0,
Random,6,0.95,cpc,1,,0,,0,,,,0.0,0.0,
Random,6,0.95,cpc,0,,0,,0,,,,0.0,0.0,
Random,6,0.98,raw,1,,0,,0,,,,0.0,0.0,
Random,6,0.98,raw,0,,0,,0,,,,0.0,0.0,
Random,6,0.98,cpc,1,,0,,0,,,,0.0,0.0,
Random,6,0.98,cpc,0,,0,,0,,,,0.0,0.0,
Random,7,0.95,raw,1,0.9923188777102249,1,1.0,5,0.2,0.03622410863243014,0.6244653702374747,0.008726003490401396,0.002717391304347826,
Random,7,0.95,raw,0,0.0013222497611961037,1,1.0,1,1.0,0.20654931437723745,1.0,0.0017452006980802793,0.004878048780487805,
Random,7,0.95,cpc,1,,0,,0,,,,0.0,0.0,
Random,7,0.95,cpc,0,,0,,0,,,,0.0,0.0,
Random,7,0.98,raw,1,0.9923188777102249,1,1.0,5,0.2,0.03622410863243014,0.6244653702374747,0.008726003490401396,0.002717391304347826,
Random,7,0.98,raw,0,0.0013222497611961037,1,1.0,1,1.0,0.20654931437723745,1.0,0.0017452006980802793,0.004878048780487805,
Random,7,0.98,cpc,1,,0,,0,,,,0.0,0.0,
Random,7,0.98,cpc,0,,0,,0,,,,0.0,0.0,
Random,8,0.95,raw,1,0.9968394128618753,2,1.0,1,1.0,0.20654931437723745,1.0,0.0017452006980802793,0.0027397260273972603,
Random,8,0.95,raw,0,,0,,0,,,,0.0,0.0,
Random,8,0.95,cpc,1,,0,,0,,,,0.0,0.0,
Random,8,0.95,cpc,0,,0,,0,,,,0.0,0.0,
Random,8,0.98,raw,1,0.9968394128618753,2,1.0,1,1.0,0.20654931437723745,1.0,0.0017452006980802793,0.0027397260273972603,
Random,8,0.98,raw,0,,0,,0,,,,0.0,0.0,
Random,8,0.98,cpc,1,,0,,0,,,,0.0,0.0,
Random,8,0.98,cpc,0,,0,,0,,,,0.0,0.0,
Random,9,0.95,raw,1,0.9983105154062678,2,1.0,1,1.0,0.20654931437723745,1.0,0.0017452006980802793,0.002717391304347826,
Random,9,0.95,raw,0,,0,,0,,,,0.0,0.0,
Random,9,0.95,cpc,1,,0,,0,,,,0.0,0.0,
Random,9,0.95,cpc,0,,0,,0,,,,0.0,0.0,
Random,9,0.98,raw,1,0.9983105154062678,2,1.0,1,1.0,0.20654931437723745,1.0,0.0017452006980802793,0.002717391304347826,
Random,9,0.98,raw,0,,0,,0,,,,0.0,0.0,
Random,9,0.98,cpc,1,,0,,0,,,,0.0,0.0,
Random,9,0.98,cpc,0,,0,,0,,,,0.0,0.0,
