alloc,arm,auroc_val,auroc_test,n_cols,alpha,wall_s
0,Summary_linear,0.7160909966422864,0.7106596974736676,305,1000.0,431.1
0,Profile24,0.7459330019001016,0.7403843615532852,353,1000.0,431.1
0,Profile288,0.722520107238606,0.7231197698054435,881,1000.0,431.1
0,MultiRocket,0.8178895858819855,0.8495287875188089,19121,1000.0,431.1
0,HYDRA,0.8301101017725605,0.8425991922071752,12593,1000.0,431.1
0,Combined,0.8480569509877924,0.8584382672051952,31409,1000.0,431.1
0,Shuffled_MR,0.671438611103881,0.6697156886037855,19121,1000.0,431.1
0,Summary_RF,0.7141258231604155,0.6979224413294263,305,,431.1
1,Summary_linear,0.66586845050626,0.7027929568913176,305,1000.0,435.4
1,Profile24,0.6700590853483954,0.732306433304295,353,1000.0,435.4
1,Profile288,0.6791171035164891,0.7226445975555027,881,1000.0,435.4
1,MultiRocket,0.809221999531482,0.8361975660621419,19121,1000.0,435.4
1,HYDRA,0.8181759025482183,0.8438795174361816,12593,1000.0,435.4
1,Combined,0.8347171972201255,0.864615506454423,31409,1000.0,435.4
1,Shuffled_MR,0.6487675368958068,0.6547213642723265,19121,1000.0,435.4
1,Summary_RF,0.6700981285301544,0.6833900900187428,305,,435.4
2,Summary_linear,0.7163642989145995,0.6659407090625907,305,1000.0,428.5
2,Profile24,0.743512324631042,0.6987935904543174,353,1000.0,428.5
2,Profile288,0.7357557458549155,0.6927747419550697,881,1000.0,428.5
2,MultiRocket,0.8294333532887375,0.8384678334785248,19115,1000.0,428.5
2,HYDRA,0.8321273328301101,0.8410416831657032,12593,1000.0,428.5
2,Combined,0.8450245972045081,0.8536997439349542,31403,1000.0,428.5
2,Shuffled_MR,0.6677164944428537,0.6467094321691613,19121,1000.0,428.5
2,Summary_RF,0.7048986178713659,0.662904886354637,305,,428.5
3,Summary_linear,0.7202035451209037,0.7162825690979647,305,1000.0,428.3
3,Profile24,0.7332439678284182,0.7408595338032259,353,1000.0,428.3
3,Profile288,0.7256956193550067,0.7340355323249123,881,1000.0,428.3
3,MultiRocket,0.8503604987115749,0.8268525118133101,19121,1000.0,428.3
3,HYDRA,0.8522215570420886,0.8469945355191256,12593,1000.0,428.3
3,Combined,0.8597699055155001,0.8527889971225682,31409,1000.0,428.3
3,Shuffled_MR,0.6683541997449178,0.6622581241255511,19121,1000.0,428.3
3,Summary_RF,0.6989900830318332,0.7231989651804334,305,,428.3
4,Summary_linear,0.733286582515194,0.7179215270413574,305,1000.0,427.1
4,Profile24,0.7389745987221443,0.7430408271474018,353,1000.0,427.1
4,Profile288,0.7171056049036413,0.7373939554612937,881,1000.0,427.1
4,MultiRocket,0.8407095735286478,0.8522534464475079,19121,1000.0,427.1
4,HYDRA,0.85190379720534,0.8640243902439024,12593,1000.0,427.1
4,Combined,0.8575788270739183,0.875371155885472,31409,1000.0,427.1
4,Shuffled_MR,0.6678743961352658,0.6484358430540826,19121,1000.0,427.1
4,Summary_RF,0.7052490779699756,0.6992974549310711,305,,427.1
5,Summary_linear,0.7194561321489792,0.7290547869103992,305,1000.0,433.6
5,Profile24,0.7314814814814814,0.7392926113065792,353,1000.0,433.6
5,Profile288,0.7266505636070854,0.7362768180735959,881,1000.0,433.6
5,MultiRocket,0.8183081398368915,0.8461416364646438,19121,1000.0,433.6
5,HYDRA,0.8295672952054438,0.8520409512975847,12593,1000.0,433.6
5,Combined,0.8353072567658824,0.8648448453744609,31409,1000.0,433.6
5,Shuffled_MR,0.655225702560906,0.6726012539350811,19121,1000.0,433.6
5,Summary_RF,0.6954963378525791,0.7238300574058887,305,,433.6
6,Summary_linear,0.717667945262285,0.7316542948038175,305,1000.0,432.7
6,Profile24,0.7413824383164007,0.7421394485683988,353,1000.0,432.7
6,Profile288,0.7337497408252124,0.741914103923648,881,1000.0,432.7
6,MultiRocket,0.8185258138088327,0.8321182396606576,19121,1000.0,432.7
6,HYDRA,0.8437046444121915,0.8440615058324497,12593,1000.0,432.7
6,Combined,0.8455188679245282,0.8552226935312831,31409,1000.0,432.7
6,Shuffled_MR,0.6557122123159859,0.6411983032873807,19121,1000.0,432.7
6,Summary_RF,0.6985019697283847,0.7204798515376458,305,,432.7
7,Summary_linear,0.6921718352293387,0.7288706256627784,305,1000.0,432.0
7,Profile24,0.7222352085605943,0.7297189819724283,353,1000.0,432.0
7,Profile288,0.7064957664536906,0.7228658536585367,881,1000.0,432.0
7,MultiRocket,0.8380603605007533,0.842192470837752,19103,1000.0,432.0
7,HYDRA,0.8482026907693107,0.8298647932131495,12593,1000.0,432.0
7,Combined,0.8556958080099735,0.8463414634146341,31391,1000.0,432.0
7,Shuffled_MR,0.6862370785933198,0.6896076352067868,19121,1000.0,432.0
7,Summary_RF,0.6776271362526622,0.6980779427359491,305,,432.0
8,Summary_linear,0.6971764705882353,0.7368545837723919,305,1000.0,429.8
8,Profile24,0.7166274509803923,0.7601554267650158,353,1000.0,429.8
8,Profile288,0.7161307189542484,0.7508429926238145,881,1000.0,429.8
8,MultiRocket,0.8585359477124184,0.8189936775553215,19121,1000.0,429.8
8,HYDRA,0.8612549019607842,0.8288593256059011,12593,1000.0,429.8
8,Combined,0.8791633986928106,0.8361828240252898,31409,1000.0,429.8
8,Shuffled_MR,0.64959477124183,0.703991043203372,19121,1000.0,429.8
8,Summary_RF,0.6941699346405229,0.7128556375131716,305,,429.8
9,Summary_linear,0.6991195262583761,0.7173647932131495,305,1000.0,426.2
9,Profile24,0.7040673211781207,0.7437433722163309,353,1000.0,426.2
9,Profile288,0.7021843021141758,0.7286717921527042,881,1000.0,426.2
9,MultiRocket,0.7946210586463042,0.8111744432661718,19121,1000.0,426.2
9,HYDRA,0.8246454729624436,0.837977200424178,12593,1000.0,426.2
9,Combined,0.8350605163368137,0.8314289501590667,31409,1000.0,426.2
9,Shuffled_MR,0.6849254584177444,0.6676033934252386,19121,1000.0,426.2
9,Summary_RF,0.703054386785102,0.7086161187698833,305,,426.2
