arm,repeat,exact_auroc_test,boot_mean,boot_q025,boot_q975
A,0,0.6525221889932882,0.6524242163818796,0.6178226020958671,0.6851417120925276
B,0,0.68500867414432,0.6846471637143975,0.6440184100132946,0.7273508648514591
A_covs,0,0.6662732083224797,0.6651620510679978,0.6312869244402929,0.7002437995519785
A,1,0.6629060858040308,0.6610801977221585,0.6287617337420619,0.6914091497816752
B,1,0.7132663151436806,0.711419075742323,0.6724770464951405,0.748052067095292
A_covs,1,0.6676772878544355,0.6661562927751877,0.6324116153129774,0.6984918894892177
A,2,0.6719591462859804,0.6716076602049479,0.639707948460013,0.7042865806339134
B,2,0.707598301750475,0.706863794291522,0.6671446230419428,0.748445068457446
A_covs,2,0.668442705719639,0.6689045745418886,0.6349429974363624,0.7010897033972562
A,3,0.6770124921874712,0.6775848932103133,0.6446683866101249,0.7071690973604201
B,3,0.721819693515782,0.7224826320492239,0.6831818644811053,0.7581408372718524
A_covs,3,0.673830593874323,0.6747089098439153,0.6437052908490549,0.7044024845563243
A,4,0.6687305623626238,0.6686689837230577,0.6346827858241235,0.6986051022719123
B,4,0.7079171596483178,0.7083282339651858,0.663359124056727,0.7456280112814482
A_covs,4,0.6668283276462998,0.6660506226259431,0.6353800981828268,0.6958810827017683
A,5,0.6617350334714479,0.6627896105592005,0.6295366550298271,0.6923371949178816
B,5,0.7101478572427931,0.7111218741186491,0.6726386092479656,0.7495796427037633
A_covs,5,0.6731145495128048,0.674424561838199,0.6408457359238853,0.709695782510687
A,6,0.660604742773708,0.6589465214896612,0.6264196850438886,0.6895689740754732
B,6,0.694488022396254,0.6929246797918164,0.6503550212236321,0.734397747769978
A_covs,6,0.6727902256168816,0.6708307192860355,0.6357297709405395,0.7031925917962565
A,7,0.6795540120645405,0.6790478001302859,0.6454490890434443,0.7107120609385428
B,7,0.7253170160150423,0.7246508173670216,0.685406247330231,0.7629485924863761
A_covs,7,0.6543679200888183,0.6538693656250067,0.6144824534669163,0.6913393406228028
A,8,0.6810046167910857,0.6804958517290373,0.6510088921323469,0.7115385405166106
B,8,0.7272069896180867,0.7263500373054591,0.6898400367147899,0.7639991078414109
A_covs,8,0.6925985126540151,0.6921494161386542,0.659068119939441,0.7246542501300968
A,9,0.6618395633410925,0.6618911584574275,0.6281289377174313,0.6945980883340572
B,9,0.7070332251555371,0.7072803640575663,0.6668605288788649,0.7456402458195298
A_covs,9,0.6628799007203938,0.6628776230646035,0.6261009000515296,0.6979002803014188
A,10,0.6533160599247021,0.6542569607715566,0.6238437672304729,0.686051604675957
B,10,0.6883314496555819,0.6894521661056825,0.6479138993475355,0.7311238663521593
A_covs,10,0.6781119966599954,0.6790546892195,0.647741552867198,0.7129571879097313
A,11,0.6464448343191114,0.6460214167781423,0.609049579219528,0.6816603514955768
B,11,0.6869918247726766,0.6863714063392279,0.6390962027388403,0.7271643469499212
A_covs,11,0.6477169156390848,0.6471868233986693,0.6129562080316736,0.6798003069363987
A,12,0.6665775121678441,0.6673958032587282,0.6358543091229847,0.6982935586155156
B,12,0.708622057073534,0.7098356940664869,0.673293676335895,0.7481245769852336
A_covs,12,0.6814508225170074,0.6819656254916402,0.6513247726728574,0.7174096307634653
A,13,0.6662701442664218,0.6658574110479474,0.6312273949850354,0.6985610749811898
B,13,0.7025626069219126,0.7017467209334354,0.661214386744058,0.7424844631156583
A_covs,13,0.6653165623482687,0.6660398246119453,0.6314907836274622,0.6990945992214694
A,14,0.6536352531089638,0.6529287785629468,0.620512627612564,0.6875153287778105
B,14,0.6883218733605723,0.6872223734172781,0.6458686781034492,0.7279623396924529
A_covs,14,0.655605022195068,0.6557497740270763,0.6162340513533685,0.6911759303313394
A,15,0.6695309158653756,0.6697980671680182,0.6371849048596322,0.70357313478786
B,15,0.7010571331034466,0.7015898638954586,0.6601033468334153,0.7442185661009801
A_covs,15,0.6765993166988244,0.6775040760790321,0.6469232698129629,0.7112486298339148
A,16,0.6600529316551791,0.6609931313113137,0.629493073507813,0.6937029130191096
B,16,0.6912128738642602,0.6930341847628484,0.6522650557397657,0.7344350163200284
A_covs,16,0.659453448034668,0.6597982641671534,0.6255331855874543,0.6945802210670471
A,17,0.6906233124569057,0.6911483735401351,0.6571151777499742,0.7213032655877926
B,17,0.724971922410514,0.7254353011070429,0.6859982544262835,0.7626392582127053
A_covs,17,0.6847560677959752,0.6850889317620616,0.6500605110084611,0.7193735098974159
A,18,0.6675911478879842,0.6661401283048106,0.6310416000666519,0.6977080759285775
B,18,0.7053993146810964,0.7037269483018198,0.6596449133244864,0.7420820918011047
A_covs,18,0.6750848705432538,0.6740329290692232,0.6379737712494785,0.7081948139298531
A,19,0.6654904585519377,0.6651717186464507,0.6299386469383333,0.6947865335411465
B,19,0.6999048408656249,0.6997128668502878,0.6593186776555957,0.7374469199020052
A_covs,19,0.6830585475787434,0.6830312715801465,0.6504549281964949,0.7138562650584027
A,20,0.6856713238479926,0.6849122537100745,0.6542284439510371,0.7173100534282241
B,20,0.7304552547390644,0.729291904048094,0.6914965776080552,0.7674171396137203
A_covs,20,0.7015560324315628,0.701023183179751,0.668520714433379,0.7328345865418062
A,21,0.6519573276336602,0.6530354522039435,0.6177733931438609,0.6865513766169553
B,21,0.690790618604449,0.6920990324387761,0.6463288661134988,0.7344709439686137
A_covs,21,0.6357860043750699,0.6368531854253914,0.5992572777568235,0.672519081177965
A,22,0.6421807026669353,0.6430341828611374,0.6097290494781241,0.6751459203071779
B,22,0.6732537721879669,0.6743242107152039,0.6347176142114678,0.7155112036781054
A_covs,22,0.6607719821090159,0.6611162461586596,0.6242411254672353,0.6951595796440116
A,23,0.6894582101462573,0.6904170361861334,0.6604604447695537,0.7183064208524057
B,23,0.7328026833582106,0.733987202468828,0.6978953413635932,0.7693230210805789
A_covs,23,0.7035270295302967,0.704196092938821,0.6721594831591658,0.7355190472197757
A,24,0.6562283155329978,0.6565750712697513,0.6213052705147859,0.6913474848441348
B,24,0.7023115692655375,0.7033625113480639,0.6624940884795343,0.7421776264478254
A_covs,24,0.6369397320187009,0.6373555781117781,0.6018581535014885,0.6718347030312442
A,25,0.6758996980752596,0.6757871546475547,0.6427811488457694,0.7073095874678459
B,25,0.7148760935391989,0.7146237741168069,0.6759428313630768,0.7535290327166324
A_covs,25,0.6967895065207315,0.6963139762885913,0.6588888134032349,0.7314213508003607
A,26,0.6744864914179325,0.6735717102033366,0.6405407994766847,0.704630612368353
B,26,0.7139829846117149,0.712857042290012,0.6694990787339601,0.748625419906598
A_covs,26,0.6714500182357275,0.6707404753711894,0.6374675820027554,0.7102631427288797
A,27,0.6590998568769066,0.6595713958168965,0.6295898938485864,0.6935471146404105
B,27,0.7024956637088899,0.7033066866776778,0.6658905988655961,0.7440930972545122
A_covs,27,0.6663595970332571,0.6673529990448652,0.6345084563529533,0.7016960364461742
A,28,0.6668402108669158,0.667601372083862,0.628785967496495,0.7006753655665549
B,28,0.7171568814425946,0.7177204297236794,0.6724302064624331,0.7568316553828974
A_covs,28,0.67147959419913,0.6725458241378035,0.6367870630232534,0.7084074293127474
A,29,0.6878266083948061,0.688574692440026,0.6571812013710946,0.7161690241608945
B,29,0.7438671425038053,0.7450440780854801,0.7095027546369417,0.7792217131475901
A_covs,29,0.6990955260958082,0.6996559558281659,0.6702761028376879,0.7279066581053508
