repeat,arm,auroc_val,auroc_test,ece_val,n_train_days,n_val_days,n_test_days,n_features,n_users_train,n_users_val,n_users_test,fit_seconds
0,A,0.6372646106418607,0.6525221889932882,0.07560869131062871,726742,213242,211959,28,2692,578,578,363.06
0,B,0.6634736743888163,0.68500867414432,0.06049898720917586,726742,213242,211959,52,2692,578,578,738.37
0,A_covs,0.6314529783183124,0.6662732083224797,0.08444375944970366,726742,213242,211959,32,2692,578,578,344.4
1,A,0.668393417369963,0.6629060858040308,0.07798244980889346,722830,212380,218823,28,2692,578,578,363.82
1,B,0.7205288271674716,0.7132663151436806,0.06390170064655996,722830,212380,218823,52,2692,578,578,749.01
1,A_covs,0.6708969135138232,0.6676772878544355,0.07515821749985203,722830,212380,218823,32,2692,578,578,346.26
2,A,0.671427091306264,0.6719591462859804,0.08724196548551755,727535,212552,213856,28,2692,578,578,368.75
2,B,0.7045045342687437,0.707598301750475,0.08009167808413363,727535,212552,213856,52,2692,578,578,746.44
2,A_covs,0.6822626228960408,0.668442705719639,0.08406562668012312,727535,212552,213856,32,2692,578,578,352.6
3,A,0.6522601542856357,0.6770124921874712,0.07669996379326706,725088,215386,211085,28,2692,578,578,367.17
3,B,0.6882458038500792,0.721819693515782,0.062423414285143225,725088,215386,211085,52,2692,578,578,751.1
3,A_covs,0.6593585212031525,0.673830593874323,0.0753447654832122,725088,215386,211085,32,2692,578,578,346.86
4,A,0.6592849648390235,0.6687305623626238,0.07462991047005521,730446,207026,207986,28,2692,578,578,364.39
4,B,0.711476331776671,0.7079171596483178,0.060197215206553925,730446,207026,207986,52,2692,578,578,743.46
4,A_covs,0.6564229459353228,0.6668283276462998,0.08491060023771718,730446,207026,207986,32,2692,578,578,345.61
5,A,0.657415230297961,0.6617350334714479,0.07614156613729854,727295,210438,214564,28,2692,578,578,361.18
5,B,0.6874617180029294,0.7101478572427931,0.06136246286503015,727295,210438,214564,52,2692,578,578,729.66
5,A_covs,0.6729195386831437,0.6731145495128048,0.07213237136604565,727295,210438,214564,32,2692,578,578,378.13
6,A,0.6601849272221202,0.660604742773708,0.07309857987452115,729011,213381,211036,28,2692,578,578,359.52
6,B,0.7016693796346537,0.694488022396254,0.05373964134868181,729011,213381,211036,52,2692,578,578,726.67
6,A_covs,0.6740951819792813,0.6727902256168816,0.06213479249931124,729011,213381,211036,32,2692,578,578,379.55
7,A,0.6627585799037425,0.6795540120645405,0.07683712118192607,726171,217070,212523,28,2692,578,578,363.74
7,B,0.6857420501019171,0.7253170160150423,0.06582522634384957,726171,217070,212523,52,2692,578,578,737.51
7,A_covs,0.6797588707372065,0.6543679200888183,0.06435584951720745,726171,217070,212523,32,2692,578,578,377.96
8,A,0.6779393600414819,0.6810046167910857,0.08986147254113959,726968,214354,211198,28,2692,578,578,361.15
8,B,0.7222974689985583,0.7272069896180867,0.07944518762834173,726968,214354,211198,52,2692,578,578,733.81
8,A_covs,0.6781559289107206,0.6925985126540151,0.08053289778936917,726968,214354,211198,32,2692,578,578,379.53
9,A,0.6664341256406412,0.6618395633410925,0.06871345670634764,724578,216272,215833,28,2692,578,578,362.26
9,B,0.7142309604360321,0.7070332251555371,0.06059575546021494,724578,216272,215833,52,2692,578,578,730.19
9,A_covs,0.6745686648204062,0.6628799007203938,0.07760410343890474,724578,216272,215833,32,2692,578,578,375.17
10,A,0.6691373512549798,0.6533160599247021,0.0789370117785227,724330,214794,214093,28,2692,578,578,365.3
10,B,0.7136772368592783,0.6883314496555819,0.06603974927261208,724330,214794,214093,52,2692,578,578,732.34
10,A_covs,0.6711597293979428,0.6781119966599954,0.07377355793996977,724330,214794,214093,32,2692,578,578,332.53
11,A,0.6875533333802595,0.6464448343191114,0.08303616329225114,727115,210537,213994,28,2692,578,578,363.02
11,B,0.7380200654009751,0.6869918247726766,0.0691133392502821,727115,210537,213994,52,2692,578,578,727.59
11,A_covs,0.6876583825509932,0.6477169156390848,0.07836585552772596,727115,210537,213994,32,2692,578,578,327.59
12,A,0.6732727731701706,0.6665775121678441,0.08235134010517707,727074,206260,215817,28,2692,578,578,360.57
12,B,0.7261020952800892,0.708622057073534,0.06450603695252757,727074,206260,215817,52,2692,578,578,730.46
12,A_covs,0.6755052272598729,0.6814508225170074,0.07738407515990207,727074,206260,215817,32,2692,578,578,334.95
13,A,0.6664680809132576,0.6662701442664218,0.06886941772346646,726521,216618,210126,28,2692,578,578,361.98
13,B,0.7076323744997031,0.7025626069219126,0.05342759722427299,726521,216618,210126,52,2692,578,578,729.55
13,A_covs,0.6672706145362546,0.6653165623482687,0.058365493815003604,726521,216618,210126,32,2692,578,578,332.38
14,A,0.6450309082899812,0.6536352531089638,0.08950158123060627,727493,208148,212006,28,2692,578,578,363.79
14,B,0.6880187535859186,0.6883218733605723,0.0728361340826959,727493,208148,212006,52,2692,578,578,729.47
14,A_covs,0.654275093729198,0.655605022195068,0.09115187213839188,727493,208148,212006,32,2692,578,578,340.09
15,A,0.6693138444905095,0.6695309158653756,0.07709200817934546,724260,216523,214583,28,2692,578,578,351.78
15,B,0.7091472665966716,0.7010571331034466,0.06655452944791024,724260,216523,214583,52,2692,578,578,727.14
15,A_covs,0.6866214266208974,0.6765993166988244,0.07169570344683292,724260,216523,214583,32,2692,578,578,357.86
16,A,0.6594251732595834,0.6600529316551791,0.09500264893540353,725176,213539,213595,28,2692,578,578,352.86
16,B,0.702894772409731,0.6912128738642602,0.08516775183017823,725176,213539,213595,52,2692,578,578,732.72
16,A_covs,0.6589867578003118,0.659453448034668,0.0944188000890538,725176,213539,213595,32,2692,578,578,356.5
17,A,0.6562320721897217,0.6906233124569057,0.07849982440812983,727475,212894,212500,28,2692,578,578,359.31
17,B,0.6974436398284856,0.724971922410514,0.06750049500452468,727475,212894,212500,52,2692,578,578,739.95
17,A_covs,0.646869326995084,0.6847560677959752,0.0806256533394554,727475,212894,212500,32,2692,578,578,365.55
18,A,0.6516581999385149,0.6675911478879842,0.08528294078382569,726953,210526,211254,28,2692,578,578,355.7
18,B,0.7002082079308654,0.7053993146810964,0.07331336619813479,726953,210526,211254,52,2692,578,578,744.91
18,A_covs,0.6778140070511453,0.6750848705432538,0.07925266814901769,726953,210526,211254,32,2692,578,578,365.53
19,A,0.6849958906253807,0.6654904585519377,0.07738119239838889,727613,211295,209518,28,2692,578,578,358.74
19,B,0.7344750754809932,0.6999048408656249,0.06522674624137938,727613,211295,209518,52,2692,578,578,744.08
19,A_covs,0.6963901317636894,0.6830585475787434,0.0786106022099454,727613,211295,209518,32,2692,578,578,360.14
20,A,0.6638990428708268,0.6856713238479926,0.07602769829681429,726579,213871,208411,28,2692,578,578,384.2
20,B,0.7045321018580277,0.7304552547390644,0.06487191346266485,726579,213871,208411,52,2692,578,578,736.08
20,A_covs,0.6723508514583482,0.7015560324315628,0.06281094336596746,726579,213871,208411,32,2692,578,578,337.02
21,A,0.6796439259501823,0.6519573276336602,0.07327685191937115,729949,212638,207418,28,2692,578,578,381.05
21,B,0.7313173132285006,0.690790618604449,0.06308568936779328,729949,212638,207418,52,2692,578,578,741.64
21,A_covs,0.6762189680722963,0.6357860043750699,0.07053149888419721,729949,212638,207418,32,2692,578,578,330.77
22,A,0.6699850320325617,0.6421807026669353,0.09318163925373213,726885,208020,213238,28,2692,578,578,382.42
22,B,0.7147733859216039,0.6732537721879669,0.0813921642056283,726885,208020,213238,52,2692,578,578,737.83
22,A_covs,0.6776379223896491,0.6607719821090159,0.07920689316573148,726885,208020,213238,32,2692,578,578,334.4
23,A,0.6608294367957981,0.6894582101462573,0.094644007771148,727419,212374,212217,28,2692,578,578,386.18
23,B,0.7002331326550995,0.7328026833582106,0.08401072058599791,727419,212374,212217,52,2692,578,578,749.17
23,A_covs,0.6704381737282095,0.7035270295302967,0.08978488441743813,727419,212374,212217,32,2692,578,578,343.44
24,A,0.6752440065587832,0.6562283155329978,0.07859486840087862,728387,208222,211776,28,2692,578,578,383.24
24,B,0.7237932445315275,0.7023115692655375,0.06996252213916197,728387,208222,211776,52,2692,578,578,746.63
24,A_covs,0.6729039413879796,0.6369397320187009,0.0733534068315227,728387,208222,211776,32,2692,578,578,332.77
25,A,0.6610215457963856,0.6758996980752596,0.08151823500559194,728595,208488,210284,28,2692,578,578,353.18
25,B,0.71279594402975,0.7148760935391989,0.06596344082270082,728595,208488,210284,52,2692,578,578,722.12
25,A_covs,0.6610316587244093,0.6967895065207315,0.06794891442345284,728595,208488,210284,32,2692,578,578,342.81
26,A,0.6688439379733635,0.6744864914179325,0.08560557866212502,730215,209464,210507,28,2692,578,578,356.42
26,B,0.7163111870256375,0.7139829846117149,0.07148031188547654,730215,209464,210507,52,2692,578,578,717.93
26,A_covs,0.6601985784542587,0.6714500182357275,0.07692291007016462,730215,209464,210507,32,2692,578,578,341.63
27,A,0.6737184747129616,0.6590998568769066,0.0901561490008162,728420,211891,210428,28,2692,578,578,351.54
27,B,0.7150939486135863,0.7024956637088899,0.08202864139532487,728420,211891,210428,52,2692,578,578,727.19
27,A_covs,0.6854898667361843,0.6663595970332571,0.08202134885929771,728420,211891,210428,32,2692,578,578,336.38
28,A,0.6601767402185453,0.6668402108669158,0.08075572850978464,727038,214121,211046,28,2692,578,578,356.76
28,B,0.6979090354376424,0.7171568814425946,0.06990457284699737,727038,214121,211046,52,2692,578,578,729.24
28,A_covs,0.6685347965220285,0.67147959419913,0.07668254978499714,727038,214121,211046,32,2692,578,578,335.49
29,A,0.6571874924245117,0.6878266083948061,0.08308330241616048,725788,210111,211994,28,2692,578,578,351.74
29,B,0.6944538707236311,0.7438671425038053,0.06790124765473439,725788,210111,211994,52,2692,578,578,722.53
29,A_covs,0.6700350727758775,0.6990955260958082,0.07855002048933014,725788,210111,211994,32,2692,578,578,333.5
0,A_K100,0.6341675548394692,0.6521310264171367,0.07587773800651901,267998,213242,211959,28,2692,578,578,107.38
0,A_uncapped,0.6377662936140004,0.6539906237509884,0.07446834283850236,987629,213242,211959,28,2692,578,578,423.69
