repeat,feature,gini,pi_mean,pi_sd
0,d_ch3000_mean,0.1033242791891098,0.053218383342027664,0.0014973210636526346
0,d_ch3000_median,0.054980434477329254,0.004210447892546654,0.00028406758792698383
0,d_ch3000_sd,0.06384001672267914,0.0052902293391525745,0.0008021237445063889
0,d_ch3000_vmin,0.062082689255476,0.0032148221507668495,0.0003511618997436017
0,d_ch3000_vmax,0.047623153775930405,0.006185716949403286,0.00042030788608826697
0,d_ch3000_n,0.03975475952029228,0.00034057284938171506,0.0005246854852885008
0,d_ch3000_cov_h,0.03738340735435486,0.0004114631447009742,0.00038164996658451855
0,d_ch3000_hours,0.007239173166453838,-0.00026291279937140644,4.6618180931545794e-05
0,d_ch3001_mean,0.03772983327507973,0.001549573615193367,0.0005036306683905423
0,d_ch3001_median,0.017694717273116112,0.000809917226433754,0.0005270761903375387
0,d_ch3001_sd,0.04996127635240555,0.004560776986181736,0.0006153237773105502
0,d_ch3001_vmin,0.03036526031792164,0.0014651600504294038,0.00044515362242236733
0,d_ch3001_vmax,0.032214172184467316,0.0017670788802206516,6.847207259852439e-05
0,d_ch3001_n,0.031223000958561897,-0.00010701191786210984,0.00015263765817508101
0,d_ch3001_cov_h,0.03269709646701813,0.00015512866957578808,0.00023429319844581187
0,d_ch3001_hours,0.0068185473792254925,0.00034128502011299133,0.00010062110959552228
0,d_ch3002_mean,0.03528273478150368,0.00045156257692724466,0.00013375876005738974
0,d_ch3002_median,0.02008252590894699,0.000695473630912602,0.00018065457697957754
0,d_ch3002_sd,0.040126360952854156,0.0019402098841965199,0.0003108665987383574
0,d_ch3002_vmin,0.023223256692290306,0.0003306315338704735,0.00016381706518586725
0,d_ch3002_vmax,0.023355411365628242,3.5287783248350024e-05,0.00012367659655865282
0,d_ch3002_n,0.006529838778078556,0.0004895595484413207,0.00019974555470980704
0,d_ch3002_cov_h,0.0066906362771987915,0.000513397331815213,0.00015041980077512562
0,d_ch3002_hours,0.0066833761520683765,0.00029295089188963175,8.922598499339074e-05
0,d_gap_3000_3001_mean,0.043872613459825516,0.0004374520212877542,0.00014438417565543205
0,d_gap_3000_3002_mean,0.04937339946627617,0.007883714511990547,0.00034956310992129147
0,d_gap_3000_3001_sd,0.04892177879810333,0.004079666454344988,0.0006500873132608831
0,d_gap_3000_3002_sd,0.0409262478351593,0.0001481918152421713,0.0002957585093099624
1,d_ch3000_mean,0.10501617193222046,0.07371916621923447,0.0003635230241343379
1,d_ch3000_median,0.04215581715106964,-0.002205781638622284,0.00017601053696125746
1,d_ch3000_sd,0.06375403702259064,0.008102127350866795,0.0012974007986485958
1,d_ch3000_vmin,0.057144708931446075,0.005764415487647057,0.0005373861058615148
1,d_ch3000_vmax,0.04851368069648743,0.004775920882821083,0.0011870705056935549
1,d_ch3000_n,0.040656182914972305,-0.0026028489228338003,0.0002653383417055011
1,d_ch3000_cov_h,0.03848223760724068,-0.001614307053387165,0.00020968899480067194
1,d_ch3000_hours,0.0070608374662697315,-0.0005143598536960781,9.347228478873149e-05
1,d_ch3001_mean,0.038441214710474014,0.00254917168058455,0.0003687044663820416
1,d_ch3001_median,0.018383454531431198,0.0005959394038654864,0.0002516407985240221
1,d_ch3001_sd,0.0533783957362175,0.0040872530080378056,0.0010913204168900847
1,d_ch3001_vmin,0.0276831965893507,0.002868726383894682,0.0004680166603066027
1,d_ch3001_vmax,0.03261620178818703,0.0010857447050511837,0.00014702694898005575
1,d_ch3001_n,0.03269128501415253,-0.0017010836163535714,0.0003358186222612858
1,d_ch3001_cov_h,0.03413381427526474,-0.001796047668904066,0.0003967990051023662
1,d_ch3001_hours,0.0068811094388365746,0.00021589065727312118,9.897230484057218e-05
1,d_ch3002_mean,0.036591362208127975,-0.0005113321822136641,0.00036105106119066477
1,d_ch3002_median,0.020843742415308952,-0.0009873940143734217,0.0002532684593461454
1,d_ch3002_sd,0.041199542582035065,-0.0014051813632249832,0.0006807002355344594
1,d_ch3002_vmin,0.020841550081968307,0.0007022447534836829,0.000199624671950005
1,d_ch3002_vmax,0.023940175771713257,0.0007607537554576993,3.84298873541411e-05
1,d_ch3002_n,0.006762011907994747,0.0005759352934546769,0.0001000499032670632
1,d_ch3002_cov_h,0.006699363235384226,0.0003693216713145375,0.0001991810859180987
1,d_ch3002_hours,0.006647087633609772,0.00019354588584974408,5.842790051246993e-05
1,d_gap_3000_3001_mean,0.04529529809951782,0.0012083734618499875,0.0006480956799350679
1,d_gap_3000_3002_mean,0.04979773983359337,0.01077943854033947,0.0006885190960019827
1,d_gap_3000_3001_sd,0.05170633643865585,0.004494691267609596,0.0006081992178224027
1,d_gap_3000_3002_sd,0.042683448642492294,-0.00016687213792465627,0.0004593418270815164
2,d_ch3000_mean,0.08845748752355576,0.05913250148296356,0.0011110457126051188
2,d_ch3000_median,0.049159225076436996,0.0043499283492565155,0.0001687059411779046
2,d_ch3000_sd,0.060063377022743225,0.006088417023420334,0.0002933856740128249
2,d_ch3000_vmin,0.06421404331922531,0.0017150734784081578,0.0009650584543123841
2,d_ch3000_vmax,0.04990410804748535,0.0003021149605046958,0.0010409358656033874
2,d_ch3000_n,0.04215623438358307,-0.000986940343864262,0.0002458138333167881
2,d_ch3000_cov_h,0.03792363405227661,-0.0006587335956282914,0.00023528086603619158
2,d_ch3000_hours,0.007316106464713812,1.973477083083708e-05,0.00011246802750974894
2,d_ch3001_mean,0.039105676114559174,0.0045160879381000996,0.0006278505316004157
2,d_ch3001_median,0.018229393288493156,0.005259450525045395,0.0002094659866997972
2,d_ch3001_sd,0.05434771254658699,0.003970697987824678,0.001216618693433702
2,d_ch3001_vmin,0.028251806274056435,0.002382754348218441,0.0002192387473769486
2,d_ch3001_vmax,0.03460210561752319,-0.0007690020138397813,0.0005277289892546833
2,d_ch3001_n,0.032937537878751755,-3.342496347613633e-05,0.0004659286933019757
2,d_ch3001_cov_h,0.0339888371527195,0.001218482619151473,0.00028625252889469266
2,d_ch3001_hours,0.007475513499230146,0.00021219474729150534,0.00012144687207182869
2,d_ch3002_mean,0.03498006612062454,-0.001368612633086741,6.760518590454012e-05
2,d_ch3002_median,0.02105458825826645,-0.0010848576202988625,0.0003274831105954945
2,d_ch3002_sd,0.041512731462717056,0.00023776094894856215,0.00035529991146177053
2,d_ch3002_vmin,0.024708250537514687,-0.00022482735221274197,0.00011691413965309039
2,d_ch3002_vmax,0.02372816950082779,0.0014485978754237294,9.728306031320244e-05
2,d_ch3002_n,0.007066144607961178,0.00016265688464045525,7.678762631257996e-05
2,d_ch3002_cov_h,0.006990297231823206,0.0001743831962812692,5.600883741863072e-05
2,d_ch3002_hours,0.007012279238551855,-2.8636488423217088e-05,7.91211859905161e-05
2,d_gap_3000_3001_mean,0.04519547522068024,0.0019068532856181264,0.0005892290500923991
2,d_gap_3000_3002_mean,0.04809807986021042,0.00902323704212904,0.0016217519296333194
2,d_gap_3000_3001_sd,0.04995128884911537,0.008044962771236897,0.0002137533447239548
2,d_gap_3000_3002_sd,0.04156983643770218,0.002044328022748232,0.00047809467650949955
3,d_ch3000_mean,0.10216836631298065,0.061400119215250015,0.0022738634143024683
3,d_ch3000_median,0.05008487030863762,0.0052169146947562695,0.0004227317695040256
3,d_ch3000_sd,0.06293100118637085,0.002259158529341221,0.0011666229693219066
3,d_ch3000_vmin,0.05523615702986717,0.0016610606107860804,0.0007229341426864266
3,d_ch3000_vmax,0.04785473272204399,0.0026195431128144264,0.0008373796590603888
3,d_ch3000_n,0.04000021889805794,-0.000721501768566668,0.00040751235792413354
3,d_ch3000_cov_h,0.03749769926071167,-0.0008469087770208716,0.0004622704000212252
3,d_ch3000_hours,0.007073880173265934,-0.0007384385680779815,0.00028345713508315384
3,d_ch3001_mean,0.04024382308125496,0.001244460348971188,0.0002606226480565965
3,d_ch3001_median,0.018147017806768417,0.0004895111778751016,0.0007022389909252524
3,d_ch3001_sd,0.05366033315658569,0.004483221564441919,0.000561852240934968
3,d_ch3001_vmin,0.024106448516249657,0.0006892845267429948,0.00045827555004507303
3,d_ch3001_vmax,0.034052759408950806,-4.57747773907613e-05,0.0007222139392979443
3,d_ch3001_n,0.03222864121198654,-0.0006972732371650636,0.0004796503053512424
3,d_ch3001_cov_h,0.0338360071182251,-0.0006378760444931686,0.00034649233566597104
3,d_ch3001_hours,0.006953863892704248,-0.00020854971080552787,0.0001502773811807856
3,d_ch3002_mean,0.03663211688399315,-0.0004703831218648702,0.0001812018599594012
3,d_ch3002_median,0.020675934851169586,-4.505840843194164e-05,0.0003713610931299627
3,d_ch3002_sd,0.040329836308956146,0.000484293996123597,0.00031384272733703256
3,d_ch3002_vmin,0.022899316623806953,8.296607848023996e-05,0.00014365614333655685
3,d_ch3002_vmax,0.02440020814538002,0.0014448933070525527,0.00031748248147778213
3,d_ch3002_n,0.006866295821964741,-3.2625650874251733e-06,0.0002233522682217881
3,d_ch3002_cov_h,0.006764617282897234,-0.00038152726483531296,0.00010273888619849458
3,d_ch3002_hours,0.006620428990572691,-8.648958464618772e-05,0.00018312918837182224
3,d_gap_3000_3001_mean,0.044073447585105896,0.0015770297031849623,0.00028151884907856584
3,d_gap_3000_3002_mean,0.04965033382177353,0.009540420025587082,0.0007150116143748164
3,d_gap_3000_3001_sd,0.052567362785339355,0.005196310114115477,0.0005490414332598448
3,d_gap_3000_3002_sd,0.04244428500533104,0.0007485017995350063,0.00040675888885743916
4,d_ch3000_mean,0.10586604475975037,0.07122224569320679,1.0505146747163963e-05
4,d_ch3000_median,0.04931377246975899,0.003729285206645727,0.0005828895955346525
4,d_ch3000_sd,0.06331685185432434,0.008161623030900955,0.0011751437559723854
4,d_ch3000_vmin,0.054413922131061554,0.004937494173645973,0.0004990905872546136
4,d_ch3000_vmax,0.049368202686309814,0.005975625477731228,0.001572087057866156
4,d_ch3000_n,0.04024596884846687,0.000131237247842364,0.0002530507044866681
4,d_ch3000_cov_h,0.03841610997915268,0.00011323556100251153,0.00022810930386185646
4,d_ch3000_hours,0.00731322169303894,-0.0005638523725792766,0.0001969808799913153
4,d_ch3001_mean,0.038908615708351135,0.002826774027198553,9.048642823472619e-05
4,d_ch3001_median,0.015873486176133156,0.0013558834325522184,0.00015416198584716767
4,d_ch3001_sd,0.05252170190215111,0.009724044241011143,0.0008207749342545867
4,d_ch3001_vmin,0.026366431266069412,0.003013073932379484,0.00019092860748060048
4,d_ch3001_vmax,0.033640056848526,0.0008368242415599525,0.000386470666853711
4,d_ch3001_n,0.0326102077960968,-0.0006700040539726615,0.00043649523286148906
4,d_ch3001_cov_h,0.034171588718891144,-9.898762800730765e-05,0.0008089082548394799
4,d_ch3001_hours,0.007012973539531231,-0.00010220376861980185,4.477931270230329e-06
4,d_ch3002_mean,0.03502075746655464,-0.0007290018256753683,0.00019040082406718284
4,d_ch3002_median,0.021042244508862495,-3.5383905924391e-05,0.00017575010133441538
4,d_ch3002_sd,0.040468454360961914,0.0021092838142067194,0.00023388782574329525
4,d_ch3002_vmin,0.02239866741001606,0.0009972393745556474,0.000450115097919479
4,d_ch3002_vmax,0.023761797696352005,0.0008927503367885947,0.0003028699429705739
4,d_ch3002_n,0.006850941572338343,6.30869617452845e-05,3.799067417276092e-05
4,d_ch3002_cov_h,0.006874084006994963,-0.00016181138926185668,8.339170017279685e-05
4,d_ch3002_hours,0.006842281669378281,-0.00015534863632638007,4.090410584467463e-05
4,d_gap_3000_3001_mean,0.0443660169839859,0.0011460916139185429,0.0004036967584397644
4,d_gap_3000_3002_mean,0.04959050565958023,0.008305084891617298,0.0011264437343925238
4,d_gap_3000_3001_sd,0.050955843180418015,0.0026662354357540607,0.0008239507442340255
4,d_gap_3000_3002_sd,0.04246925190091133,0.0011939596151933074,0.00038278746069408953
5,d_ch3000_mean,0.09960759431123734,0.056348346173763275,0.0008848185534588993
5,d_ch3000_median,0.05727333948016167,0.005070256069302559,0.0002869635063689202
5,d_ch3000_sd,0.0629696175456047,0.008424505591392517,0.001142021268606186
5,d_ch3000_vmin,0.05153484269976616,0.00011202983296243474,0.0009546774090267718
5,d_ch3000_vmax,0.04798512905836105,0.0014316471060737967,0.000825161230750382
5,d_ch3000_n,0.040678177028894424,0.002913843607529998,0.00026427116245031357
5,d_ch3000_cov_h,0.03740812465548515,0.0023429477587342262,0.0004077357007190585
5,d_ch3000_hours,0.0069464510306715965,-0.00010509026469662786,0.00010369718074798584
5,d_ch3001_mean,0.03891206532716751,0.001003919285722077,0.000473538413643837
5,d_ch3001_median,0.017839651554822922,0.0008856488857418299,0.00032084897975437343
5,d_ch3001_sd,0.05509205907583237,0.005065395496785641,0.000865415611770004
5,d_ch3001_vmin,0.028125029057264328,0.0003595374582801014,0.00038392303395085037
5,d_ch3001_vmax,0.03370078280568123,0.0006535461870953441,0.00010521062358748168
5,d_ch3001_n,0.0325804203748703,0.00016170383605640382,4.3886226194445044e-05
5,d_ch3001_cov_h,0.034348830580711365,-0.0009221200598403811,0.00023918235092423856
5,d_ch3001_hours,0.007138266693800688,-5.099914051243104e-05,0.00025195820489898324
5,d_ch3002_mean,0.035293128341436386,0.00047536956844851375,0.0003745941794477403
5,d_ch3002_median,0.020752009004354477,0.002120993100106716,0.00026741184410639107
5,d_ch3002_sd,0.04154132306575775,0.0003672115853987634,0.0004555264313239604
5,d_ch3002_vmin,0.021089890971779823,0.0003480318991933018,0.0003192770527675748
5,d_ch3002_vmax,0.02382705919444561,0.001309176324866712,0.00033361674286425114
5,d_ch3002_n,0.006998470518738031,4.713537055067718e-05,2.864958150894381e-05
5,d_ch3002_cov_h,0.006912525277584791,-0.000233371218200773,0.0002708037500269711
5,d_ch3002_hours,0.00674870889633894,-0.00026684103067964315,0.0002033294440479949
5,d_gap_3000_3001_mean,0.043542202562093735,0.002812952036038041,0.0004873921861872077
5,d_gap_3000_3002_mean,0.049371346831321716,0.01618054322898388,0.0005011066095903516
5,d_gap_3000_3001_sd,0.049857769161462784,0.006347565911710262,0.0007952259038574994
5,d_gap_3000_3002_sd,0.041925184428691864,0.0006143228383734822,0.00013106022379361093
6,d_ch3000_mean,0.11052451282739639,0.06920403242111206,0.00441085547208786
6,d_ch3000_median,0.03918459638953209,0.0020753180142492056,0.0010355004342272878
6,d_ch3000_sd,0.06177151948213577,0.006947870831936598,0.0004952630260959268
6,d_ch3000_vmin,0.05432043969631195,0.004731727764010429,0.0013550042640417814
6,d_ch3000_vmax,0.04849059134721756,0.003013717010617256,0.0012107498478144407
6,d_ch3000_n,0.04176260530948639,-0.0009157816530205309,0.00035565547295846045
6,d_ch3000_cov_h,0.038625605404376984,-0.0011033376213163137,0.000256665691267699
6,d_ch3000_hours,0.007040112279355526,-0.00032370153348892927,0.00018783891573548317
6,d_ch3001_mean,0.037855517119169235,0.0033334719482809305,0.0002846810675691813
6,d_ch3001_median,0.01640084572136402,0.0012274824548512697,0.00020228604262229055
6,d_ch3001_sd,0.05269189551472664,0.003937352914363146,0.0010417065350338817
6,d_ch3001_vmin,0.03258853405714035,0.002093263901770115,0.0007161270477809012
6,d_ch3001_vmax,0.03426189348101616,1.091868170988164e-06,0.0002881148539017886
6,d_ch3001_n,0.03326805308461189,-0.001963490853086114,0.0006281710229814053
6,d_ch3001_cov_h,0.03424462676048279,-0.0016758794663473964,0.0004953710595145822
6,d_ch3001_hours,0.007236968260258436,-0.0003750550968106836,0.00016417198639828712
6,d_ch3002_mean,0.03517144173383713,-0.0006752489716745913,0.0003116106381639838
6,d_ch3002_median,0.020340217277407646,-0.00040567287942394614,0.00032932398607954383
6,d_ch3002_sd,0.04041028395295143,0.0018342426046729088,0.0003684106923174113
6,d_ch3002_vmin,0.02167724072933197,0.0015075497794896364,0.00028815408586524427
6,d_ch3002_vmax,0.023900160565972328,0.001167356502264738,0.00015986674407031387
6,d_ch3002_n,0.006911206524819136,8.928459283197299e-05,6.334219506243244e-05
6,d_ch3002_cov_h,0.006722014397382736,-7.383433694485575e-05,2.3151382265496068e-05
6,d_ch3002_hours,0.006790339481085539,-0.0005560809513553977,8.210614760173485e-05
6,d_gap_3000_3001_mean,0.0447511188685894,0.0015901142032817006,0.00029905023984611034
6,d_gap_3000_3002_mean,0.049563515931367874,0.010418418794870377,0.0008442066027782857
6,d_gap_3000_3001_sd,0.051663871854543686,0.0034276454243808985,0.0006154009024612606
6,d_gap_3000_3002_sd,0.04183027148246765,0.0009800231782719493,0.0004270460340194404
7,d_ch3000_mean,0.0981796383857727,0.058560676872730255,0.0021431460045278072
7,d_ch3000_median,0.039568930864334106,0.001366548938676715,0.00021264796669129282
7,d_ch3000_sd,0.062482792884111404,0.00549586396664381,0.000568506249692291
7,d_ch3000_vmin,0.06123733147978783,0.007389758247882128,0.001078890054486692
7,d_ch3000_vmax,0.0483868271112442,0.004434173461049795,0.0013478017644956708
7,d_ch3000_n,0.04159525781869888,0.0006668668356724083,0.0003590783744584769
7,d_ch3000_cov_h,0.037953004240989685,-0.0005470842588692904,3.765959991142154e-05
7,d_ch3000_hours,0.007036819588392973,-0.0005579420831054449,7.590142195113003e-05
7,d_ch3001_mean,0.03930085897445679,0.0010932768927887082,0.0004284183378331363
7,d_ch3001_median,0.019140416756272316,0.0063666715286672115,0.0008995968382805586
7,d_ch3001_sd,0.05090339109301567,0.006137741729617119,0.0010935505852103233
7,d_ch3001_vmin,0.03025023452937603,0.0052964892238378525,0.00037382711889222264
7,d_ch3001_vmax,0.03398885577917099,0.001782183418981731,0.0011720596812665462
7,d_ch3001_n,0.03281614929437637,0.0007625023135915399,0.00032383541110903025
7,d_ch3001_cov_h,0.03444676846265793,0.0007892356952652335,0.0005495325895026326
7,d_ch3001_hours,0.007516935467720032,-8.550161874154583e-05,3.207832924090326e-05
7,d_ch3002_mean,0.03600393980741501,-0.0010193828493356705,0.0005583989550359547
7,d_ch3002_median,0.020770249888300896,-0.00030253041768446565,0.00036322782398201525
7,d_ch3002_sd,0.04033433645963669,0.00019944412633776665,0.0003224329266231507
7,d_ch3002_vmin,0.024145489558577538,0.00018672077567316592,0.0002540474524721503
7,d_ch3002_vmax,0.02423509769141674,0.0009691892773844302,3.1476636650040746e-05
7,d_ch3002_n,0.006883357651531696,-0.0003796202363446355,0.00013474220759235322
7,d_ch3002_cov_h,0.007058377843350172,-0.0004996494972147048,0.00011490385077195242
7,d_ch3002_hours,0.006847704760730267,-0.000637179589830339,3.9179798477562144e-05
7,d_gap_3000_3001_mean,0.0459408201277256,0.0034697875380516052,0.0005326755344867706
7,d_gap_3000_3002_mean,0.051050927489995956,0.01184028759598732,0.001720196334645152
7,d_gap_3000_3001_sd,0.04984601214528084,0.008538410998880863,0.000666473526507616
7,d_gap_3000_3002_sd,0.04207947105169296,0.0002501069102436304,0.0003914808330591768
8,d_ch3000_mean,0.10140921175479889,0.07067184150218964,0.003761207452043891
8,d_ch3000_median,0.047087348997592926,0.004028262570500374,0.0006282205577008426
8,d_ch3000_sd,0.06272169202566147,0.007659425493329763,0.0007221054984256625
8,d_ch3000_vmin,0.046433012932538986,0.006986211519688368,0.0005676178843714297
8,d_ch3000_vmax,0.049342285841703415,0.006801664363592863,0.00030689273262396455
8,d_ch3000_n,0.04139169305562973,0.00166753598023206,0.00012105072528356686
8,d_ch3000_cov_h,0.038951702415943146,0.0003079929738305509,0.00043471279786899686
8,d_ch3000_hours,0.007059991359710693,4.684531450038776e-05,0.00011626314517343417
8,d_ch3001_mean,0.041670192033052444,0.003973225597292185,0.00031375844264402986
8,d_ch3001_median,0.01752478815615177,0.0027309569995850325,0.0001786583598004654
8,d_ch3001_sd,0.05452721565961838,0.009613319300115108,0.000511067861225456
8,d_ch3001_vmin,0.02660699561238289,0.0037054799031466246,0.0007311991648748517
8,d_ch3001_vmax,0.03441154956817627,0.0014833210734650493,0.0004976303898729384
8,d_ch3001_n,0.033311232924461365,0.0013165379641577601,0.00022787266061641276
8,d_ch3001_cov_h,0.03469904139637947,0.0013206582516431808,0.0003311654436402023
8,d_ch3001_hours,0.0071949888952076435,-0.0006773882196284831,0.00016565926489420235
8,d_ch3002_mean,0.035358037799596786,-0.0003504737978801131,0.00025714474031701684
8,d_ch3002_median,0.02074306830763817,-0.0005369125283323228,4.442187855602242e-05
8,d_ch3002_sd,0.04150737449526787,0.0014155860990285873,7.908176485216245e-05
8,d_ch3002_vmin,0.02113025262951851,0.00022380946029443294,8.536785026080906e-05
8,d_ch3002_vmax,0.024363674223423004,0.001092834398150444,0.00023204537865240127
8,d_ch3002_n,0.006747880019247532,-0.00037663138937205076,7.439358159899712e-05
8,d_ch3002_cov_h,0.00690697506070137,-0.0002779527858365327,0.00010641774861142039
8,d_ch3002_hours,0.006961637642234564,-0.00042699792538769543,2.761474206636194e-05
8,d_gap_3000_3001_mean,0.04604868218302727,0.0018575333524495363,0.0003788706089835614
8,d_gap_3000_3002_mean,0.05225815251469612,0.007441186811774969,0.0012582730269059539
8,d_gap_3000_3001_sd,0.05158942565321922,0.006366401445120573,0.0008714846335351467
8,d_gap_3000_3002_sd,0.04204189404845238,0.00017660761659499258,0.00026832884759642184
9,d_ch3000_mean,0.10103636980056763,0.06280045211315155,0.0011139996349811554
9,d_ch3000_median,0.04717661440372467,0.003098993329331279,0.00042068754555657506
9,d_ch3000_sd,0.0632893443107605,0.006567961070686579,0.0011513091158121824
9,d_ch3000_vmin,0.05467180162668228,0.009152696467936039,0.0006227383273653686
9,d_ch3000_vmax,0.048028964549303055,0.007960852235555649,0.00037684838753193617
9,d_ch3000_n,0.04045732319355011,-0.0006279407534748316,0.0003049384686164558
9,d_ch3000_cov_h,0.038501132279634476,-0.000868431874550879,0.0009511039825156331
9,d_ch3000_hours,0.007261077873408794,-0.0002489070175215602,7.585754065075889e-05
9,d_ch3001_mean,0.0388052873313427,0.0013391623506322503,9.930721716955304e-05
9,d_ch3001_median,0.018363170325756073,0.0033535815309733152,0.00038253297680057585
9,d_ch3001_sd,0.05086955055594444,0.007280695717781782,0.0010771086672320962
9,d_ch3001_vmin,0.02566540613770485,0.004494844004511833,0.0006802186253480613
9,d_ch3001_vmax,0.033263299614191055,0.0028650627937167883,0.00011430832819314674
9,d_ch3001_n,0.03255052864551544,-0.0008951929048635066,0.0001983850816031918
9,d_ch3001_cov_h,0.03364001214504242,-0.0009274024050682783,0.0003218272468075156
9,d_ch3001_hours,0.007007601670920849,0.000155062967678532,5.054583016317338e-05
9,d_ch3002_mean,0.03633994236588478,0.00025160799850709736,0.0003488179645501077
9,d_ch3002_median,0.020985426381230354,0.0016020460752770305,0.00026584608713164926
9,d_ch3002_sd,0.040211644023656845,0.0014213022077456117,0.00011318194447085261
9,d_ch3002_vmin,0.026758402585983276,0.0011746259406208992,0.0009054230176843703
9,d_ch3002_vmax,0.023968219757080078,0.0006597169558517635,0.0003872367087751627
9,d_ch3002_n,0.00682171992957592,-7.404493226204067e-05,3.810568887274712e-05
9,d_ch3002_cov_h,0.0067971390672028065,0.00020491787290666252,9.596842573955655e-05
9,d_ch3002_hours,0.0068740034475922585,-6.064276385586709e-05,0.00014928785094525665
9,d_gap_3000_3001_mean,0.044800613075494766,0.003385038347914815,0.0003490476810839027
9,d_gap_3000_3002_mean,0.05038601532578468,0.010874251835048199,0.0006604504305869341
9,d_gap_3000_3001_sd,0.05214029923081398,0.0055219740606844425,0.00031728565227240324
9,d_gap_3000_3002_sd,0.04332909360527992,0.0015685157850384712,8.690213144291192e-05
10,d_ch3000_mean,0.10698294639587402,0.0709293857216835,0.002556309336796403
10,d_ch3000_median,0.05213650315999985,0.004874502308666706,0.0005075279041193426
10,d_ch3000_sd,0.06190900504589081,0.008950679562985897,0.0012084853369742632
10,d_ch3000_vmin,0.05122848227620125,0.006876659579575062,0.0003249956062063575
10,d_ch3000_vmax,0.049178846180438995,0.007784986402839422,0.0007010232075117528
10,d_ch3000_n,0.04179332032799721,0.0015439084963873029,0.0001537136413389817
10,d_ch3000_cov_h,0.038302961736917496,-0.0002490752376616001,0.0002861879765987396
10,d_ch3000_hours,0.007228642702102661,-0.00020443202811293304,6.727778963977471e-05
10,d_ch3001_mean,0.03816976398229599,0.0014969412004575133,7.697994078625925e-06
10,d_ch3001_median,0.01832822896540165,0.00384244741871953,0.0004605408466886729
10,d_ch3001_sd,0.050750043243169785,0.007817058824002743,0.001399180036969483
10,d_ch3001_vmin,0.02298114262521267,0.00571395130828023,0.00028933785506524146
10,d_ch3001_vmax,0.033515237271785736,0.002291780663654208,0.0004469346022233367
10,d_ch3001_n,0.03267728164792061,-0.00019267332390882075,0.00037471874384209514
10,d_ch3001_cov_h,0.03405786678195,-0.00014468793233390898,0.00030949487700127065
10,d_ch3001_hours,0.006990027613937855,-0.0001324322511209175,5.61960187042132e-05
10,d_ch3002_mean,0.036860138177871704,0.00022982801601756364,0.0001297626440646127
10,d_ch3002_median,0.020354457199573517,-0.0007552803726866841,0.0002838450891431421
10,d_ch3002_sd,0.040728118270635605,0.00217470177449286,0.0005846013664267957
10,d_ch3002_vmin,0.021082604303956032,0.0011313355062156916,0.00019330911163706332
10,d_ch3002_vmax,0.024645205587148666,0.0005210277740843594,0.00017710465181153268
10,d_ch3002_n,0.006902138702571392,-0.00019290331692900509,2.116737414326053e-05
10,d_ch3002_cov_h,0.006834183819591999,-0.0002145469916285947,0.0001640091504668817
10,d_ch3002_hours,0.006752670742571354,-0.00014113506767898798,0.0001345689524896443
10,d_gap_3000_3001_mean,0.045968037098646164,0.0021523376926779747,0.0005213047261349857
10,d_gap_3000_3002_mean,0.049705635756254196,0.006339480634778738,0.0005318412440828979
10,d_gap_3000_3001_sd,0.05093306675553322,0.0015140058239921927,0.0006098684971220791
10,d_gap_3000_3002_sd,0.04300345107913017,-0.0006347306771203876,0.00021122183534316719
11,d_ch3000_mean,0.09854386001825333,0.07912823557853699,0.0013431867118924856
11,d_ch3000_median,0.03883664682507515,-0.0019009328680112958,0.0004606165748555213
11,d_ch3000_sd,0.06118421629071236,0.0063315038569271564,0.000613811076618731
11,d_ch3000_vmin,0.07189564406871796,0.0031129715498536825,0.0003400113491807133
11,d_ch3000_vmax,0.049491215497255325,0.0025250136386603117,0.00040701834950596094
11,d_ch3000_n,0.04040556773543358,8.691459515830502e-05,0.0006310683093033731
11,d_ch3000_cov_h,0.03756992146372795,0.0010142617393285036,0.0004672070499509573
11,d_ch3000_hours,0.006909563206136227,-0.000418891228036955,0.0001698272826615721
11,d_ch3001_mean,0.04065794125199318,0.00525316596031189,0.0005895262584090233
11,d_ch3001_median,0.017207110300660133,0.004223737400025129,0.00026008705026470125
11,d_ch3001_sd,0.052592065185308456,0.006455913186073303,0.0003638757043518126
11,d_ch3001_vmin,0.024200573563575745,0.004397680051624775,0.00026966718723997474
11,d_ch3001_vmax,0.03357534110546112,-0.0009498290019109845,0.00017343813669867814
11,d_ch3001_n,0.03323798254132271,-0.001362491981126368,0.000361536891432479
11,d_ch3001_cov_h,0.03419916331768036,-0.0018981564790010452,0.0004857394378632307
11,d_ch3001_hours,0.007110032252967358,0.0003034559777006507,0.0001330200320808217
11,d_ch3002_mean,0.03523435443639755,-0.0015367114683613181,3.9086804463295266e-05
11,d_ch3002_median,0.021419424563646317,-0.0015147561207413673,0.00025583142996765673
11,d_ch3002_sd,0.04044891148805618,-0.0010118902428075671,0.00012193537259008735
11,d_ch3002_vmin,0.024763917550444603,0.00033549655927345157,0.0002207781799370423
11,d_ch3002_vmax,0.023849308490753174,0.0017322807107120752,0.00023187638726085424
11,d_ch3002_n,0.006911987904459238,-0.00028390600346028805,0.00010006153024733067
11,d_ch3002_cov_h,0.006768849678337574,-0.00011874300253111869,4.8524190788157284e-05
11,d_ch3002_hours,0.0069284294731915,0.00027265778044238687,0.00015634967712685466
11,d_gap_3000_3001_mean,0.04320290684700012,0.00044051784789189696,0.00037704870919696987
11,d_gap_3000_3002_mean,0.04927672818303108,0.013930424116551876,0.001179564744234085
11,d_gap_3000_3001_sd,0.05118807405233383,0.007592345587909222,0.00023592959041707218
11,d_gap_3000_3002_sd,0.04239026829600334,0.00040757982060313225,0.0005253318813629448
12,d_ch3000_mean,0.10629285871982574,0.06363827735185623,0.0030259843915700912
12,d_ch3000_median,0.04676210135221481,0.00355124450288713,0.0008065275033004582
12,d_ch3000_sd,0.0632392019033432,0.009990070946514606,0.001109468867070973
12,d_ch3000_vmin,0.053306903690099716,0.006554195657372475,0.0009008572087623179
12,d_ch3000_vmax,0.04912972450256348,0.009845701977610588,0.00029433396412059665
12,d_ch3000_n,0.04149884730577469,-0.001766135566867888,0.0001152647309936583
12,d_ch3000_cov_h,0.03849901631474495,-0.0015546681825071573,0.00026017718482762575
12,d_ch3000_hours,0.007353678345680237,-0.0003814391093328595,7.186795846791938e-05
12,d_ch3001_mean,0.03828541189432144,0.002341953571885824,0.00016289825725834817
12,d_ch3001_median,0.018427757546305656,0.002604242181405425,0.0006983939674682915
12,d_ch3001_sd,0.05252480506896973,0.005935829598456621,0.00022665588767267764
12,d_ch3001_vmin,0.023703359067440033,0.005136928055435419,0.0005001411773264408
12,d_ch3001_vmax,0.03333750367164612,0.0012715442571789026,0.0005988628254272044
12,d_ch3001_n,0.03262980282306671,-0.0009476544801145792,0.0005076774978078902
12,d_ch3001_cov_h,0.03396817669272423,-0.0015975264832377434,0.0005687885568477213
12,d_ch3001_hours,0.006989558693021536,0.0005448641022667289,6.25689426669851e-05
12,d_ch3002_mean,0.03497162088751793,0.00014187258784659207,0.000148461913340725
12,d_ch3002_median,0.02115202695131302,-0.0003795331867877394,0.00012440804857760668
12,d_ch3002_sd,0.04038063436746597,0.0009991227416321635,0.0004970420268364251
12,d_ch3002_vmin,0.024349894374608994,0.0010214619105681777,0.00014288992679212242
12,d_ch3002_vmax,0.023788586258888245,-0.00019591665477491915,3.8613488868577406e-05
12,d_ch3002_n,0.0066894604824483395,0.0003875348484143615,5.2667084673885256e-05
12,d_ch3002_cov_h,0.006951125804334879,-2.028234302997589e-05,8.831419836496934e-05
12,d_ch3002_hours,0.006831676699221134,0.0001318692957283929,9.226246766047552e-05
12,d_gap_3000_3001_mean,0.04475264996290207,0.000291055825073272,0.0007548232679255307
12,d_gap_3000_3002_mean,0.048833318054676056,0.005355545785278082,0.000466368452180177
12,d_gap_3000_3001_sd,0.05329110845923424,0.004278498701751232,0.0006266800337471068
12,d_gap_3000_3002_sd,0.042059194296598434,0.0005661926697939634,0.00017722677148412913
13,d_ch3000_mean,0.10351432114839554,0.07136845588684082,0.0007469914853572845
13,d_ch3000_median,0.04055313766002655,0.0014702361077070236,0.0008268357487395406
13,d_ch3000_sd,0.06265516579151154,0.0076002334244549274,0.00045712661813013256
13,d_ch3000_vmin,0.06704811751842499,0.006120775826275349,0.0010110813891515136
13,d_ch3000_vmax,0.04870452731847763,0.003884409787133336,0.0003329784667585045
13,d_ch3000_n,0.04022561386227608,0.0010805571218952537,0.00019608989532571286
13,d_ch3000_cov_h,0.03839525952935219,7.770730735501274e-05,0.00029318250017240644
13,d_ch3000_hours,0.0073301540687680244,-0.0007412757258862257,3.9466103771701455e-05
13,d_ch3001_mean,0.03972954303026199,0.0028421422466635704,0.0003900195297319442
13,d_ch3001_median,0.017995618283748627,0.0013849470997229218,0.0002906397567130625
13,d_ch3001_sd,0.050380922853946686,0.009148115292191505,0.0006619329215027392
13,d_ch3001_vmin,0.024517899379134178,0.0023617325350642204,0.00043208413990214467
13,d_ch3001_vmax,0.033135417848825455,0.002054887358099222,0.0001355375861749053
13,d_ch3001_n,0.03280238062143326,-0.001156238722614944,0.0003361665003467351
13,d_ch3001_cov_h,0.03427691385149956,-0.0007089040009304881,0.00032219855347648263
13,d_ch3001_hours,0.006983385421335697,-0.0003206796245649457,0.00010971920710289851
13,d_ch3002_mean,0.03622373193502426,0.0003719170344993472,0.0004559480585157871
13,d_ch3002_median,0.02119475230574608,0.0011015532072633505,0.0003497264988254756
13,d_ch3002_sd,0.041460152715444565,0.0024235942400991917,0.0003646004479378462
13,d_ch3002_vmin,0.025204192847013474,0.00048277806490659714,0.00024835983640514314
13,d_ch3002_vmax,0.024016937240958214,0.0014449231093749404,0.00022110083955340087
13,d_ch3002_n,0.007012187968939543,-0.00012365590373519808,5.768622213508934e-05
13,d_ch3002_cov_h,0.006792528089135885,-0.00031595234759151936,0.00016817337018437684
13,d_ch3002_hours,0.006900828331708908,-0.0004531657905317843,7.909104897407815e-05
13,d_gap_3000_3001_mean,0.04236750304698944,0.002658051671460271,0.00034146307734772563
13,d_gap_3000_3002_mean,0.04938163980841637,0.015641842037439346,0.0008454745402559638
13,d_gap_3000_3001_sd,0.04857315495610237,0.007990274578332901,0.0007247783942148089
13,d_gap_3000_3002_sd,0.04262401536107063,0.0019706441089510918,0.00019588478608056903
14,d_ch3000_mean,0.11798980832099915,0.06702575832605362,0.0015108119696378708
14,d_ch3000_median,0.05095578730106354,0.0034435393754392862,0.001063728122971952
14,d_ch3000_sd,0.06126333028078079,0.005748194642364979,0.0006478101713582873
14,d_ch3000_vmin,0.05268634483218193,0.002380507066845894,0.00026488149887882173
14,d_ch3000_vmax,0.048464469611644745,0.005506302695721388,9.919114381773397e-05
14,d_ch3000_n,0.04039887711405754,0.0014671115204691887,0.00038543669506907463
14,d_ch3000_cov_h,0.038018085062503815,0.0008437011274509132,0.000342973624356091
14,d_ch3000_hours,0.007086011581122875,-0.0004100708174519241,7.587664731545374e-05
14,d_ch3001_mean,0.03858083114027977,0.001118465093895793,0.00012271275045350194
14,d_ch3001_median,0.016234468668699265,0.0013097106711938977,0.0005968574550934136
14,d_ch3001_sd,0.0530371330678463,0.006926555186510086,0.0005218891892582178
14,d_ch3001_vmin,0.026829546317458153,0.0016038349131122231,0.0006169380503706634
14,d_ch3001_vmax,0.03315873071551323,0.0004023211949970573,0.0004255076637491584
14,d_ch3001_n,0.03194037079811096,0.0005223239422775805,0.0003253691829741001
14,d_ch3001_cov_h,0.03333744779229164,-0.0001597916561877355,0.0002279368054587394
14,d_ch3001_hours,0.006950557231903076,0.00025189414736814797,0.00011133936641272157
14,d_ch3002_mean,0.034523025155067444,-6.327359733404592e-05,0.00021315820049494505
14,d_ch3002_median,0.021964389830827713,0.0007938872440718114,0.000200786700588651
14,d_ch3002_sd,0.04017637297511101,0.00016431781114079058,9.964682249119505e-05
14,d_ch3002_vmin,0.02309039793908596,0.0001226032618433237,0.0002477416128385812
14,d_ch3002_vmax,0.023662803694605827,0.0006896082195453346,0.00017195679538417608
14,d_ch3002_n,0.006544508505612612,0.00022469811665359885,3.771827323362231e-05
14,d_ch3002_cov_h,0.00662583950906992,6.217417831066996e-05,7.435707084368914e-05
14,d_ch3002_hours,0.006732993293553591,0.00015048561908770353,9.761980618350208e-05
14,d_gap_3000_3001_mean,0.04285157471895218,0.000127371764392592,0.00036638855817727745
14,d_gap_3000_3002_mean,0.04841192811727524,0.009372618980705738,0.0007872133865021169
14,d_gap_3000_3001_sd,0.047292355448007584,0.007319263182580471,0.0012959506129845977
14,d_gap_3000_3002_sd,0.04119201377034187,0.0012211569119244814,0.00026895361952483654
15,d_ch3000_mean,0.09270482510328293,0.062389783561229706,9.651803702581674e-05
15,d_ch3000_median,0.042523980140686035,0.0019801175221800804,0.0005976968677714467
15,d_ch3000_sd,0.06340645253658295,0.006531786173582077,0.000668510387185961
15,d_ch3000_vmin,0.07014323770999908,0.010629096999764442,0.0003143936046399176
15,d_ch3000_vmax,0.04915705695748329,0.002039046958088875,0.0002001726970775053
15,d_ch3000_n,0.0419270358979702,0.0022388678044080734,0.0001729922223603353
15,d_ch3000_cov_h,0.038423411548137665,0.0007269904599525034,0.0005230770912021399
15,d_ch3000_hours,0.007054465357214212,-0.0002397784701315686,0.00027957785641774535
15,d_ch3001_mean,0.038619279861450195,0.0009803352877497673,0.00051006959984079
15,d_ch3001_median,0.015691125765442848,0.0009574040304869413,0.0002731159038376063
15,d_ch3001_sd,0.053328074514865875,0.006769463419914246,0.0012539034942165017
15,d_ch3001_vmin,0.02978140488266945,0.002844650764018297,0.0008120493730530143
15,d_ch3001_vmax,0.0339818000793457,0.000848002964630723,0.0004045561363454908
15,d_ch3001_n,0.03293830156326294,0.000859032676089555,0.00032225626637227833
15,d_ch3001_cov_h,0.03410260006785393,6.038136052666232e-05,7.734587416052818e-05
15,d_ch3001_hours,0.007320705335587263,-9.081297321245074e-06,0.00010437496530357748
15,d_ch3002_mean,0.03591398522257805,8.974287629825994e-05,0.00012955866986885667
15,d_ch3002_median,0.02117236517369747,-0.0002882582484744489,0.0002298549225088209
15,d_ch3002_sd,0.04092917963862419,0.0011261823819950223,0.00011532648932188749
15,d_ch3002_vmin,0.020962003618478775,-0.0003184578090440482,0.00010837576701305807
15,d_ch3002_vmax,0.02416183054447174,0.0011096377857029438,0.0001038937916746363
15,d_ch3002_n,0.006894375663250685,-1.781287937774323e-05,9.894990216707811e-05
15,d_ch3002_cov_h,0.006944096181541681,9.662596858106554e-05,9.668005077401176e-05
15,d_ch3002_hours,0.0068860165774822235,-0.00024591380497440696,4.727254781755619e-05
15,d_gap_3000_3001_mean,0.044765111058950424,0.0019432412227615714,0.0006353891803883016
15,d_gap_3000_3002_mean,0.048056188970804214,0.008799504488706589,0.0004819505847990513
15,d_gap_3000_3001_sd,0.05054426193237305,0.008042699657380581,0.000492260092869401
15,d_gap_3000_3002_sd,0.04166682809591293,0.0005564651219174266,0.0001660736306803301
16,d_ch3000_mean,0.10609936714172363,0.06356780976057053,0.0012904664035886526
16,d_ch3000_median,0.04306959733366966,0.004715945105999708,0.0005538385594263673
16,d_ch3000_sd,0.06161963567137718,0.006713416893035173,0.0003939257003366947
16,d_ch3000_vmin,0.06309868395328522,0.0062005710788071156,0.0005627856007777154
16,d_ch3000_vmax,0.04824279621243477,0.007570934481918812,0.00044209545012563467
16,d_ch3000_n,0.040495872497558594,0.0020220575388520956,0.0002779919595923275
16,d_ch3000_cov_h,0.03753262385725975,0.0011324782390147448,0.00034761778078973293
16,d_ch3000_hours,0.0071320002898573875,-0.00044706056360155344,5.041777330916375e-05
16,d_ch3001_mean,0.03890344500541687,0.002671502297744155,0.0006658931961283088
16,d_ch3001_median,0.01822105050086975,0.0012794742360711098,0.00025495432782918215
16,d_ch3001_sd,0.05188007652759552,0.009346953593194485,0.0002837497740983963
16,d_ch3001_vmin,0.028467493131756783,0.0035346660297363997,0.0007550357840955257
16,d_ch3001_vmax,0.033026404678821564,0.001904679462313652,0.00023338930623140186
16,d_ch3001_n,0.032063547521829605,0.0004971325979568064,0.0002578143321443349
16,d_ch3001_cov_h,0.03351472690701485,0.00041170185431838036,0.0002041923435172066
16,d_ch3001_hours,0.00694221630692482,-0.00020724123169202358,8.448295557172969e-05
16,d_ch3002_mean,0.03484882041811943,-0.0010503215016797185,0.00023144582519307733
16,d_ch3002_median,0.020920738577842712,-0.0003771551128011197,0.00024271903384942561
16,d_ch3002_sd,0.0387878492474556,0.0012652527075260878,0.00038842891808599234
16,d_ch3002_vmin,0.024899568408727646,0.0011149843921884894,7.445904338965192e-05
16,d_ch3002_vmax,0.02360476180911064,0.00035843427758663893,0.0003949047240894288
16,d_ch3002_n,0.006711849942803383,-0.00012506487837526947,7.944252865854651e-05
16,d_ch3002_cov_h,0.006669646129012108,-5.1472125051077455e-05,0.00017061579274013638
16,d_ch3002_hours,0.006654535420238972,6.767377635696903e-05,4.6400658902712166e-05
16,d_gap_3000_3001_mean,0.0439738892018795,0.0025979995261877775,0.0004354521515779197
16,d_gap_3000_3002_mean,0.04873579740524292,0.0033213049173355103,0.00032339789322577417
16,d_gap_3000_3001_sd,0.052363138645887375,0.0019492997089400887,0.0007446350646205246
16,d_gap_3000_3002_sd,0.04151986911892891,0.0009734972845762968,0.0003507536312099546
17,d_ch3000_mean,0.10428151488304138,0.07487571984529495,0.0016916291788220406
17,d_ch3000_median,0.04154267907142639,0.0027056976687163115,0.000428377534262836
17,d_ch3000_sd,0.0641758069396019,0.007284277584403753,0.0012667402625083923
17,d_ch3000_vmin,0.05142457038164139,0.003909239545464516,0.0011175181716680527
17,d_ch3000_vmax,0.04887380078434944,0.002557161031290889,0.0005589164793491364
17,d_ch3000_n,0.04105791822075844,0.0008751092827878892,0.00036243334761820734
17,d_ch3000_cov_h,0.03821853920817375,-0.00044646242167800665,0.000399466254748404
17,d_ch3000_hours,0.007222211454063654,-2.2718541003996506e-05,0.00018315939814783633
17,d_ch3001_mean,0.038840338587760925,0.005058303475379944,0.0005981408176012337
17,d_ch3001_median,0.016957668587565422,0.0026381697971373796,0.00012650589633267373
17,d_ch3001_sd,0.05255432054400444,0.004571827128529549,0.0011229963274672627
17,d_ch3001_vmin,0.03253557160496712,0.00410001166164875,0.0002537249238230288
17,d_ch3001_vmax,0.03385673090815544,-0.0005420373054221272,0.00019083083316218108
17,d_ch3001_n,0.033031854778528214,9.359698015032336e-05,0.00030323336250148714
17,d_ch3001_cov_h,0.03472572937607765,-0.00019361090380698442,0.00021463002485688776
17,d_ch3001_hours,0.0073839821852743626,-0.0011828572023659945,0.00012561390758492053
17,d_ch3002_mean,0.035550329834222794,8.099269325612113e-05,0.00016492337454110384
17,d_ch3002_median,0.020839039236307144,-0.0008090166957117617,0.00026690863887779415
17,d_ch3002_sd,0.04072136804461479,0.0005249795503914356,0.0001554159534862265
17,d_ch3002_vmin,0.022544514387845993,-0.0008938591927289963,0.00028488709358498454
17,d_ch3002_vmax,0.024072790518403053,0.001579613657668233,0.0004318345454521477
17,d_ch3002_n,0.006947844289243221,-0.0008623589528724551,9.48814777075313e-05
17,d_ch3002_cov_h,0.006837022490799427,-0.0006966729997657239,0.0002171221567550674
17,d_ch3002_hours,0.006762692704796791,-0.0004895282909274101,9.701836825115606e-05
17,d_gap_3000_3001_mean,0.04511949047446251,0.0030095605179667473,0.00014331443526316434
17,d_gap_3000_3002_mean,0.05000673606991768,0.008663476444780827,6.605029193451628e-05
17,d_gap_3000_3001_sd,0.052177444100379944,0.0019465250661596656,0.0008693233248777688
17,d_gap_3000_3002_sd,0.04173748567700386,0.00033602601615712047,0.00026869477005675435
18,d_ch3000_mean,0.09658180922269821,0.05621127411723137,0.0012988606467843056
18,d_ch3000_median,0.0625782385468483,0.004798704758286476,0.0005876347422599792
18,d_ch3000_sd,0.06451416015625,0.0023873159661889076,0.0012637726031243801
18,d_ch3000_vmin,0.05512147769331932,0.004973269067704678,0.0011685870122164488
18,d_ch3000_vmax,0.04932607710361481,0.006804846227169037,0.0004944754182361066
18,d_ch3000_n,0.04009585082530975,0.0017470220336690545,0.0005268145469017327
18,d_ch3000_cov_h,0.03806835040450096,-9.590655827196315e-05,0.0006908433861099184
18,d_ch3000_hours,0.007397142704576254,-0.0001262238365598023,0.0001666003663558513
18,d_ch3001_mean,0.03751317784190178,0.0027285958640277386,8.569778583478183e-05
18,d_ch3001_median,0.016830625012516975,0.002045507077127695,0.00045277742901816964
18,d_ch3001_sd,0.05029960349202156,0.004969938658177853,0.0007005336228758097
18,d_ch3001_vmin,0.0264809038490057,0.00472303805872798,0.0004762916942127049
18,d_ch3001_vmax,0.0330318957567215,0.0021137953735888004,0.0004004713846370578
18,d_ch3001_n,0.031655121594667435,0.001691434415988624,0.0001982795656658709
18,d_ch3001_cov_h,0.03322623297572136,0.0013215105282142758,7.554509647889063e-05
18,d_ch3001_hours,0.006849147379398346,-9.25084896152839e-06,8.658228034619242e-05
18,d_ch3002_mean,0.03554685413837433,-0.0003848624764941633,0.0002848715812433511
18,d_ch3002_median,0.020955536514520645,-0.0002474508946761489,0.00017978563846554607
18,d_ch3002_sd,0.04013507440686226,-1.6488743312947918e-06,0.0002806137199513614
18,d_ch3002_vmin,0.02530788443982601,0.0006017468986101449,0.00010725190804805607
18,d_ch3002_vmax,0.024201640859246254,0.00139044935349375,0.00021844553702976555
18,d_ch3002_n,0.006808872800320387,-3.040627962036524e-05,0.0001266301842406392
18,d_ch3002_cov_h,0.006748896092176437,-0.000247426622081548,8.534896915080026e-05
18,d_ch3002_hours,0.006773261819034815,-0.00040126871317625046,0.0001616793597349897
18,d_gap_3000_3001_mean,0.04410795494914055,0.005489958915859461,0.0010896988678723574
18,d_gap_3000_3002_mean,0.04827508702874184,0.010753102600574493,0.0017280621686950326
18,d_gap_3000_3001_sd,0.05002298206090927,0.005810492672026157,0.00017549590847920626
18,d_gap_3000_3002_sd,0.04154614359140396,-0.0005362579831853509,0.000459705333923921
19,d_ch3000_mean,0.09588603675365448,0.054833367466926575,0.002727907383814454
19,d_ch3000_median,0.04606309160590172,0.0008578921551816165,0.0002446460712235421
19,d_ch3000_sd,0.06309063732624054,0.005808916408568621,0.00025310274213552475
19,d_ch3000_vmin,0.06617026776075363,0.008678422309458256,0.0012746426509693265
19,d_ch3000_vmax,0.049325019121170044,0.006246787495911121,0.0006584987859241664
19,d_ch3000_n,0.04178551584482193,0.0001513541938038543,0.00013975228648632765
19,d_ch3000_cov_h,0.038084834814071655,8.88154172571376e-05,0.0003317451919429004
19,d_ch3000_hours,0.007050636690109968,-0.00044638433610089123,0.00014751382695976645
19,d_ch3001_mean,0.03878707066178322,0.0017492261249572039,0.00043000627192668617
19,d_ch3001_median,0.016367187723517418,0.0007804903434589505,0.00025304508744738996
19,d_ch3001_sd,0.05265466496348381,0.008289345540106297,0.0005073670181445777
19,d_ch3001_vmin,0.025560837239027023,0.0057436502538621426,0.00047536805504933
19,d_ch3001_vmax,0.03425737842917442,0.002803401555866003,0.0006842896109446883
19,d_ch3001_n,0.03275487571954727,-0.0007619867683388293,0.00030522834276780486
19,d_ch3001_cov_h,0.034246720373630524,-0.0003674579784274101,0.00028231993201188743
19,d_ch3001_hours,0.007030957844108343,0.000193882777239196,0.00014353620645124465
19,d_ch3002_mean,0.03565255180001259,-0.0006892075762152672,0.0004518421192187816
19,d_ch3002_median,0.021012824028730392,-0.0006701156962662935,0.00018205601372756064
19,d_ch3002_sd,0.04075881466269493,0.0011095849331468344,0.0001534330367576331
19,d_ch3002_vmin,0.02054244466125965,0.00034508173121139407,0.0001911469444166869
19,d_ch3002_vmax,0.023610277101397514,0.0011896893847733736,0.000327493529766798
19,d_ch3002_n,0.006802789866924286,7.71256527514197e-05,5.092115679872222e-05
19,d_ch3002_cov_h,0.0066658142022788525,0.00013891114213038236,8.813362364890054e-05
19,d_ch3002_hours,0.00679156044498086,-0.00016371390665881336,0.00016162697284016758
19,d_gap_3000_3001_mean,0.045215725898742676,0.0019626289140433073,7.996769272722304e-05
19,d_gap_3000_3002_mean,0.04971557483077049,0.009187186136841774,0.0013576417695730925
19,d_gap_3000_3001_sd,0.051852304488420486,0.0067013842053711414,0.0011081869015470147
19,d_gap_3000_3002_sd,0.042263586074113846,0.0002861149259842932,0.00024308814317919314
20,d_ch3000_mean,0.0988716259598732,0.06400752067565918,0.0019054586300626397
20,d_ch3000_median,0.04049013927578926,0.006031414959579706,0.00023089894966688007
20,d_ch3000_sd,0.06384847313165665,0.008863470517098904,0.00040464321500621736
20,d_ch3000_vmin,0.058562565594911575,0.005891526583582163,0.0004862188652623445
20,d_ch3000_vmax,0.049359485507011414,0.0068616666831076145,0.0003596231108531356
20,d_ch3000_n,0.04155793786048889,0.0010425122454762459,0.0005934984656050801
20,d_ch3000_cov_h,0.039062097668647766,0.0011852444149553776,0.0003742692351806909
20,d_ch3000_hours,0.007652812171727419,0.0002647445071488619,0.00016851276450324804
20,d_ch3001_mean,0.03876287862658501,0.0025122729130089283,0.00014202538295648992
20,d_ch3001_median,0.015698041766881943,0.001249971566721797,0.00011333881411701441
20,d_ch3001_sd,0.05266014114022255,0.00642434461042285,0.0005802728119306266
20,d_ch3001_vmin,0.02467404119670391,0.0029950414318591356,0.00017078869859687984
20,d_ch3001_vmax,0.034071508795022964,0.00042879756074398756,0.00021254195598885417
20,d_ch3001_n,0.032953910529613495,0.0004932938609272242,0.0002645741624291986
20,d_ch3001_cov_h,0.03455161303281784,-0.0008394148899242282,0.00019901597988791764
20,d_ch3001_hours,0.007080990821123123,0.00025524586089886725,2.58070467680227e-05
20,d_ch3002_mean,0.03682416304945946,-0.0003557719464879483,0.0003899667353834957
20,d_ch3002_median,0.02103026956319809,0.00014855324116069824,0.00013211413170211017
20,d_ch3002_sd,0.04126393422484398,-0.000262868037680164,9.374591172672808e-05
20,d_ch3002_vmin,0.021640125662088394,0.0006664149696007371,0.00010246773308608681
20,d_ch3002_vmax,0.024301627650856972,0.0011015820782631636,0.00016490400594193488
20,d_ch3002_n,0.006905007641762495,0.00030168797820806503,0.00010971084702759981
20,d_ch3002_cov_h,0.006877618841826916,4.700212593888864e-05,0.00013321859296411276
20,d_ch3002_hours,0.006764971185475588,0.00033104364410974085,7.232931238831952e-05
20,d_gap_3000_3001_mean,0.04643436521291733,0.00069456547498703,0.00012854044325649738
20,d_gap_3000_3002_mean,0.05187521129846573,0.005816921126097441,0.0009641245123930275
20,d_gap_3000_3001_sd,0.05298096686601639,0.0051946197636425495,0.0009865066967904568
20,d_gap_3000_3002_sd,0.04324347898364067,-0.0007545228581875563,0.00035679107531905174
21,d_ch3000_mean,0.10649445652961731,0.07852791249752045,0.001966098789125681
21,d_ch3000_median,0.05355023592710495,0.003644267562776804,0.0003879160212818533
21,d_ch3000_sd,0.061774808913469315,0.004717876203358173,0.00169517716858536
21,d_ch3000_vmin,0.04727364331483841,0.008381686173379421,0.0007959523354656994
21,d_ch3000_vmax,0.05032219737768173,0.004718644544482231,0.000480949500342831
21,d_ch3000_n,0.04119781404733658,0.0006314457859843969,0.00046754934010095894
21,d_ch3000_cov_h,0.038415778428316116,-0.0002110065979650244,7.179992098826915e-05
21,d_ch3000_hours,0.007326941937208176,-0.0009345661965198815,0.00011817568156402558
21,d_ch3001_mean,0.0393269881606102,0.0038406942039728165,0.0008407956920564175
21,d_ch3001_median,0.016690146178007126,0.0022060172632336617,0.0005317394388839602
21,d_ch3001_sd,0.050853244960308075,0.006763319484889507,0.00036282598739489913
21,d_ch3001_vmin,0.027134889736771584,0.004413275048136711,0.0005601537995971739
21,d_ch3001_vmax,0.033917032182216644,-0.00041877012699842453,0.0003853573289234191
21,d_ch3001_n,0.032786887139081955,-0.0008858623332343996,0.0004380087775643915
21,d_ch3001_cov_h,0.034072257578372955,-0.00036700686905533075,0.0003490294038783759
21,d_ch3001_hours,0.007233581505715847,-0.0005731674027629197,6.454106187447906e-05
21,d_ch3002_mean,0.0347987599670887,-0.0004608525487128645,0.00031063531059771776
21,d_ch3002_median,0.021337520331144333,-0.0019011070253327489,0.00029354641446843743
21,d_ch3002_sd,0.04001620039343834,0.001660386100411415,0.0002094650553772226
21,d_ch3002_vmin,0.023870747536420822,0.00020792786381207407,0.00019536064064595848
21,d_ch3002_vmax,0.024293165653944016,0.002236358355730772,0.00029501572134904563
21,d_ch3002_n,0.006792714353650808,-0.00021656313037965447,5.0057067710440606e-05
21,d_ch3002_cov_h,0.00702509842813015,-0.00021655185264535248,0.0001931523293023929
21,d_ch3002_hours,0.006953901145607233,-0.0006426780601032078,0.00010361253953306004
21,d_gap_3000_3001_mean,0.044156163930892944,0.0009232855518348515,0.00055081577738747
21,d_gap_3000_3002_mean,0.05111396312713623,0.00561493681743741,0.0005641284515149891
21,d_gap_3000_3001_sd,0.04920756071805954,0.007363227196037769,0.00017004144319798797
21,d_gap_3000_3002_sd,0.04206330329179764,0.0013618700904771686,0.0005488066235557199
22,d_ch3000_mean,0.09958627820014954,0.05754051357507706,0.003048989223316312
22,d_ch3000_median,0.03925977647304535,0.0012991970870643854,0.0005311431596055627
22,d_ch3000_sd,0.06355993449687958,0.008730686269700527,0.0005624843179248273
22,d_ch3000_vmin,0.07293196022510529,0.004497145768254995,0.0005824891850352287
22,d_ch3000_vmax,0.04747649282217026,0.0005414268234744668,0.00030477799009531736
22,d_ch3000_n,0.04051346704363823,-0.00013692716311197728,0.0001478050253354013
22,d_ch3000_cov_h,0.03825610876083374,-0.0011360401986166835,0.0004153981280978769
22,d_ch3000_hours,0.007326382678002119,-0.0001775095734046772,0.0001691499346634373
22,d_ch3001_mean,0.03898564353585243,0.0007988286670297384,0.00041496646008454263
22,d_ch3001_median,0.01798142120242119,0.0014112561475485563,0.0001937014312716201
22,d_ch3001_sd,0.05083275958895683,0.0048323580995202065,0.000906978384591639
22,d_ch3001_vmin,0.027813708409667015,0.0017788696568459272,0.0005953080835752189
22,d_ch3001_vmax,0.0331835076212883,0.00035703644971363246,0.00012630151468329132
22,d_ch3001_n,0.03245032951235771,-0.0008570713689550757,0.00020121331908740103
22,d_ch3001_cov_h,0.03368088975548744,-0.0003767010639421642,0.00010022058268077672
22,d_ch3001_hours,0.00704813189804554,4.262884885974927e-06,0.00010431842383695766
22,d_ch3002_mean,0.03559147194027901,-0.0006338228122331202,8.206126949517056e-05
22,d_ch3002_median,0.021592561155557632,-0.0006473238463513553,0.00022760394494980574
22,d_ch3002_sd,0.03979914262890816,0.0005428175791166723,0.0001795327989384532
22,d_ch3002_vmin,0.02415689453482628,-0.00037790564238093793,0.00037744303699582815
22,d_ch3002_vmax,0.023491142317652702,0.0001827114901971072,0.00022118866036180407
22,d_ch3002_n,0.00691448338329792,4.250580241205171e-05,9.934652916854247e-05
22,d_ch3002_cov_h,0.006749139167368412,-4.644164437195286e-05,1.5047960914671421e-05
22,d_ch3002_hours,0.006805803161114454,0.00024096551351249218,0.000133019158965908
22,d_gap_3000_3001_mean,0.04449980705976486,0.0011747234966605902,0.00041580991819500923
22,d_gap_3000_3002_mean,0.04755213111639023,0.010156302712857723,0.0009028371423482895
22,d_gap_3000_3001_sd,0.05078123137354851,0.007820533588528633,0.00028738839318975806
22,d_gap_3000_3002_sd,0.04117939621210098,0.0008730219560675323,0.0002475700166542083
23,d_ch3000_mean,0.10114949196577072,0.05503451079130173,0.000949073932133615
23,d_ch3000_median,0.04971572756767273,0.0025394433178007603,0.0012687081471085548
23,d_ch3000_sd,0.06345736235380173,0.007633297238498926,0.00047209870535880327
23,d_ch3000_vmin,0.04958381876349449,0.009320441633462906,0.0005829702713526785
23,d_ch3000_vmax,0.0484112873673439,0.0035663589369505644,0.00025760690914466977
23,d_ch3000_n,0.04204708710312843,-0.000673571543302387,0.0009325566352345049
23,d_ch3000_cov_h,0.03854740411043167,-0.0009874844690784812,0.0002309764240635559
23,d_ch3000_hours,0.006982041522860527,-0.00048511516069993377,0.00018112736870534718
23,d_ch3001_mean,0.0397983081638813,0.0026737863663583994,0.00028650762396864593
23,d_ch3001_median,0.018120501190423965,0.003051232546567917,0.00036020169500261545
23,d_ch3001_sd,0.05277186632156372,0.004294982645660639,0.0003214874304831028
23,d_ch3001_vmin,0.026728332042694092,0.010587047785520554,0.0004303212044760585
23,d_ch3001_vmax,0.033855777233839035,0.0012751800240948796,0.0005355299217626452
23,d_ch3001_n,0.032606761902570724,0.00016462574421893805,0.0005687745288014412
23,d_ch3001_cov_h,0.034341949969530106,-0.00028194187325425446,0.0004286446492187679
23,d_ch3001_hours,0.006998250726610422,0.00041095170308835804,5.4701664339518175e-05
23,d_ch3002_mean,0.03649190813302994,-0.0018582189222797751,0.00019643580890260637
23,d_ch3002_median,0.02121010795235634,-0.00015585386427119374,0.00024142426264006644
23,d_ch3002_sd,0.043633684515953064,-0.0009422001894563437,0.0003943601041100919
23,d_ch3002_vmin,0.02143535017967224,0.0011323383077979088,0.0004845919320359826
23,d_ch3002_vmax,0.024328237399458885,0.001483467174693942,0.00021672215370927006
23,d_ch3002_n,0.006727380678057671,1.0203324563917704e-05,0.00011590697977226228
23,d_ch3002_cov_h,0.006699296645820141,0.0001386978110531345,1.725815309328027e-05
23,d_ch3002_hours,0.006707814987748861,-0.0003272703615948558,0.000120412019896321
23,d_gap_3000_3001_mean,0.04517281427979469,0.0015065273037180305,0.0009546839282847941
23,d_gap_3000_3002_mean,0.04972211644053459,0.009667688049376011,0.0009803881403058767
23,d_gap_3000_3001_sd,0.05050361528992653,0.006297867279499769,0.0010081218788400292
23,d_gap_3000_3002_sd,0.04225169122219086,-0.00045471295015886426,0.00014520144031848758
24,d_ch3000_mean,0.11100661754608154,0.07927779853343964,0.002019883831962943
24,d_ch3000_median,0.052958130836486816,0.005797664634883404,0.0002765051613096148
24,d_ch3000_sd,0.06312134116888046,0.01013867650181055,0.0006249001016840339
24,d_ch3000_vmin,0.044250164180994034,0.00708954781293869,0.0007749806391075253
24,d_ch3000_vmax,0.04866943135857582,0.0045697749592363834,0.0009642008226364851
24,d_ch3000_n,0.040143150836229324,-1.97733079403406e-05,0.00017469281738158315
24,d_ch3000_cov_h,0.038328565657138824,-0.00032154552172869444,0.0001483630039729178
24,d_ch3000_hours,0.007392273750156164,-4.3346150050638244e-05,9.645966929383576e-05
24,d_ch3001_mean,0.04004814475774765,0.0048325383104383945,0.0002396076451987028
24,d_ch3001_median,0.019880682229995728,0.004617656115442514,0.0002745760139077902
24,d_ch3001_sd,0.05180402100086212,0.010536326095461845,0.0006388577749021351
24,d_ch3001_vmin,0.0221942737698555,0.0045243618078529835,0.00038934408803470433
24,d_ch3001_vmax,0.033559054136276245,-0.0006240050424821675,0.00029879750218242407
24,d_ch3001_n,0.03257158026099205,-0.0007829093374311924,0.00016808247892186046
24,d_ch3001_cov_h,0.03406771272420883,-5.03638839290943e-05,0.0003035029221791774
24,d_ch3001_hours,0.0069405087269842625,-0.00014206334890332073,6.435230898205191e-05
24,d_ch3002_mean,0.035635314881801605,-0.0006117119337432086,0.0002759231720119715
24,d_ch3002_median,0.020253801718354225,-0.0011490616016089916,0.000343938241712749
24,d_ch3002_sd,0.04066437855362892,0.0009562874911352992,0.0003214951138943434
24,d_ch3002_vmin,0.024121468886733055,0.001518239383585751,2.1675996322301216e-05
24,d_ch3002_vmax,0.023677105084061623,0.0014447506982833147,9.905344631988555e-05
24,d_ch3002_n,0.006728738080710173,0.00017205010226462036,0.0001032463987939991
24,d_ch3002_cov_h,0.006686871405690908,-4.816542423213832e-05,5.102003342472017e-05
24,d_ch3002_hours,0.0066589717753231525,-0.0001332068641204387,0.0001276211260119453
24,d_gap_3000_3001_mean,0.044446706771850586,-0.00012039829744026065,0.0003858990967273712
24,d_gap_3000_3002_mean,0.05204802751541138,0.00879633892327547,0.0007883490179665387
24,d_gap_3000_3001_sd,0.04991116002202034,0.00445928517729044,0.0006457723793573678
24,d_gap_3000_3002_sd,0.04223180189728737,0.0010535834589973092,0.00023796963796485215
25,d_ch3000_mean,0.1053788810968399,0.075435571372509,0.0016100391512736678
25,d_ch3000_median,0.039651788771152496,0.003676820080727339,0.0006600460619665682
25,d_ch3000_sd,0.06468016654253006,0.006602024659514427,0.0005316648748703301
25,d_ch3000_vmin,0.05991758778691292,0.006298070773482323,0.0008792012231424451
25,d_ch3000_vmax,0.04909138381481171,0.008569552563130856,0.0003191856958437711
25,d_ch3000_n,0.04079333692789078,-0.0005485377041622996,0.0002532337384764105
25,d_ch3000_cov_h,0.03826724737882614,0.00019530353893060237,8.397704368690029e-05
25,d_ch3000_hours,0.007096079643815756,-0.0006726777646690607,0.00016247437451966107
25,d_ch3001_mean,0.041463203728199005,0.0035142037086188793,0.00019484912627376616
25,d_ch3001_median,0.01722753420472145,0.0014851449523121119,0.00035286752972751856
25,d_ch3001_sd,0.050311364233493805,0.00833513680845499,0.0009269264410249889
25,d_ch3001_vmin,0.02446916699409485,0.002438633469864726,0.0004040362255182117
25,d_ch3001_vmax,0.03395608812570572,0.00260545639321208,0.00044381979387253523
25,d_ch3001_n,0.03239230811595917,-0.0014004785334691405,4.4574946514330804e-05
25,d_ch3001_cov_h,0.033879391849040985,-0.001200262806378305,0.00022210422321222723
25,d_ch3001_hours,0.007003798149526119,7.336207636399195e-05,8.712073758943006e-05
25,d_ch3002_mean,0.03699427470564842,0.00041535228956490755,0.00033379747765138745
25,d_ch3002_median,0.020963408052921295,1.2878660527348984e-05,0.0002230606769444421
25,d_ch3002_sd,0.040199439972639084,0.0021371878683567047,0.0002757541078608483
25,d_ch3002_vmin,0.02269713394343853,0.0009257445926778018,0.00010414254211355001
25,d_ch3002_vmax,0.023835724219679832,0.00033603166230022907,0.00030399474781006575
25,d_ch3002_n,0.007035551127046347,0.0006216047913767397,7.991766324266791e-05
25,d_ch3002_cov_h,0.007026848383247852,0.00017071966431103647,0.00015133827400859445
25,d_ch3002_hours,0.00706663029268384,0.0001691762445261702,0.00023724338097963482
25,d_gap_3000_3001_mean,0.04428235813975334,0.002209360245615244,0.00017293874407187104
25,d_gap_3000_3002_mean,0.04973939061164856,0.012028547003865242,0.0006826146855019033
25,d_gap_3000_3001_sd,0.051454946398735046,0.006729532033205032,0.0003017590497620404
25,d_gap_3000_3002_sd,0.0431249625980854,0.0018714932957664132,0.0005088738398626447
26,d_ch3000_mean,0.10024163126945496,0.06891067326068878,0.0011100808624178171
26,d_ch3000_median,0.05604691803455353,0.007287498097866774,0.000594748358707875
26,d_ch3000_sd,0.06357771158218384,0.007250552531331778,0.0014275569701567292
26,d_ch3000_vmin,0.05355750396847725,0.006632070988416672,0.0015207638498395681
26,d_ch3000_vmax,0.050188567489385605,0.001762599335052073,0.0006606609094887972
26,d_ch3000_n,0.04012809693813324,0.0012002040166407824,0.0004840269102714956
26,d_ch3000_cov_h,0.03782738745212555,0.0003533367707859725,0.00019371618691366166
26,d_ch3000_hours,0.007035261020064354,-0.000802009308245033,0.00014666406787000597
26,d_ch3001_mean,0.038800593465566635,0.0030141558963805437,0.00040649223956279457
26,d_ch3001_median,0.018059421330690384,0.002942833583801985,4.7784982598386705e-05
26,d_ch3001_sd,0.0499805212020874,0.009437976405024529,0.00010671321069821715
26,d_ch3001_vmin,0.02733665518462658,0.004238249268382788,0.00034945824882015586
26,d_ch3001_vmax,0.03361551836133003,0.0011699771275743842,0.0005227651563473046
26,d_ch3001_n,0.03254065662622452,-0.00037584747769869864,0.0003428531053941697
26,d_ch3001_cov_h,0.033630307763814926,4.7186349547700956e-05,3.371594721102156e-05
26,d_ch3001_hours,0.0071223098784685135,-0.0005188339855521917,0.00023496912035625428
26,d_ch3002_mean,0.03483135625720024,-0.0004124873084947467,0.00017208817007485777
26,d_ch3002_median,0.020611174404621124,-0.00016818210133351386,0.0006916426355019212
26,d_ch3002_sd,0.04061971977353096,0.0015570742543786764,0.0003655370092019439
26,d_ch3002_vmin,0.02098965272307396,-0.0006280536181293428,4.248288314556703e-05
26,d_ch3002_vmax,0.02368742600083351,-1.4084940630709752e-05,0.0003336494555696845
26,d_ch3002_n,0.0066856867633759975,-0.00033455737866461277,3.296004069852643e-05
26,d_ch3002_cov_h,0.006788872182369232,-0.0006763518322259188,0.00011239768355153501
26,d_ch3002_hours,0.006816738750785589,-0.00019350359798409045,8.150486974045634e-05
26,d_gap_3000_3001_mean,0.0448169931769371,0.0024964355397969484,0.0006646951078437269
26,d_gap_3000_3002_mean,0.05088294297456741,0.010851834900677204,0.0005254292045719922
26,d_gap_3000_3001_sd,0.05133480206131935,0.005806416273117065,0.0003344615688547492
26,d_gap_3000_3002_sd,0.04224557802081108,0.0007264699670486152,0.0003206558176316321
27,d_ch3000_mean,0.10877726227045059,0.07917173951864243,0.0012596717569977045
27,d_ch3000_median,0.04463088884949684,0.003688160562887788,0.0003470310184638947
27,d_ch3000_sd,0.0641714334487915,0.0077249412424862385,0.00021903855667915195
27,d_ch3000_vmin,0.0531248040497303,0.006169862579554319,0.0004223361611366272
27,d_ch3000_vmax,0.04960076883435249,0.00791116338223219,0.00020495179342105985
27,d_ch3000_n,0.04090600088238716,0.0004630086768884212,0.0007249311311170459
27,d_ch3000_cov_h,0.03810478374361992,0.0006419022101908922,0.00042695432784967124
27,d_ch3000_hours,0.007268865127116442,-0.00017234060214832425,0.00027693805168382823
27,d_ch3001_mean,0.03905319422483444,0.002837850246578455,0.00029974133940413594
27,d_ch3001_median,0.017504379153251648,0.0027367682196199894,0.0007302233716472983
27,d_ch3001_sd,0.05063346028327942,0.004390862304717302,0.0005740316701121628
27,d_ch3001_vmin,0.02564188651740551,0.005187358241528273,0.0008764687227085233
27,d_ch3001_vmax,0.03321763128042221,0.0019882437773048878,0.000361883343430236
27,d_ch3001_n,0.03281927481293678,0.000717770482879132,0.0002332471776753664
27,d_ch3001_cov_h,0.03400120139122009,-0.0001490847789682448,0.0001797470758901909
27,d_ch3001_hours,0.006965444888919592,5.4475087381433696e-05,5.799097925773822e-05
27,d_ch3002_mean,0.03558387979865074,-0.00011828965944005176,0.00034346288884989917
27,d_ch3002_median,0.020576592534780502,0.0005341488285921514,0.0001288638886762783
27,d_ch3002_sd,0.040146373212337494,0.00044903316302224994,0.00023897112987469882
27,d_ch3002_vmin,0.02151774987578392,0.0005313524161465466,0.00033134891418740153
27,d_ch3002_vmax,0.024301350116729736,0.0013131692539900541,0.00033048633486032486
27,d_ch3002_n,0.006648533046245575,-0.0002560802677180618,0.00012246807455085218
27,d_ch3002_cov_h,0.006758065428584814,-1.4989856026659254e-05,0.000153012340888381
27,d_ch3002_hours,0.006610074080526829,-0.0001417575404047966,0.00014417340571526438
27,d_gap_3000_3001_mean,0.045392297208309174,0.0018339836969971657,8.719028119230643e-05
27,d_gap_3000_3002_mean,0.04947386309504509,0.009497655555605888,0.0008567309123463929
27,d_gap_3000_3001_sd,0.053535256534814835,0.0033920558635145426,0.000658229982946068
27,d_gap_3000_3002_sd,0.04303468391299248,0.0009695533663034439,0.00024233969452325255
28,d_ch3000_mean,0.1057717502117157,0.05687103793025017,0.00015470337530132383
28,d_ch3000_median,0.04458274319767952,0.0032721965108066797,0.0007841606857255101
28,d_ch3000_sd,0.06130604073405266,0.006929788272827864,0.0008302960777655244
28,d_ch3000_vmin,0.06219523027539253,0.005046320613473654,0.00031985578243620694
28,d_ch3000_vmax,0.048464346677064896,0.006578448694199324,0.0008237627916969359
28,d_ch3000_n,0.041327010840177536,0.00028706350713036954,0.00038501538801938295
28,d_ch3000_cov_h,0.037529196590185165,0.0004857552994508296,0.00030781514942646027
28,d_ch3000_hours,0.007174256723374128,-0.00024912800290621817,0.00018701388034969568
28,d_ch3001_mean,0.03958405926823616,0.0025807491037994623,0.0003966925432905555
28,d_ch3001_median,0.017687654122710228,0.004668101202696562,0.00028532400028780103
28,d_ch3001_sd,0.05270136147737503,0.011278440244495869,0.0004167809383943677
28,d_ch3001_vmin,0.028878843411803246,0.0025892830453813076,0.0005108509212732315
28,d_ch3001_vmax,0.03322025015950203,0.0016742519801482558,0.0005677459412254393
28,d_ch3001_n,0.03225911781191826,-0.0005604776088148355,0.00037328602047637105
28,d_ch3001_cov_h,0.03329457342624664,0.00017693679546937346,0.00010004391515394673
28,d_ch3001_hours,0.007017128635197878,0.0001962751121027395,5.368002530303784e-05
28,d_ch3002_mean,0.03738411143422127,0.0002449165331199765,3.8734440749976784e-05
28,d_ch3002_median,0.020520370453596115,0.0012340560788288713,0.00011580940190469846
28,d_ch3002_sd,0.040184348821640015,0.002156068105250597,0.00048167313798330724
28,d_ch3002_vmin,0.022711770609021187,-0.0003284790727775544,0.0002173139655496925
28,d_ch3002_vmax,0.0234995074570179,0.000691020512022078,3.377662142156623e-05
28,d_ch3002_n,0.00678263371810317,-3.275091512477957e-05,4.135509152547456e-05
28,d_ch3002_cov_h,0.006780685856938362,-1.2173648428870365e-05,0.0001387593656545505
28,d_ch3002_hours,0.006784481927752495,1.2958265870111063e-05,6.582337664440274e-05
28,d_gap_3000_3001_mean,0.0432596318423748,0.0030033723451197147,0.00012139126192778349
28,d_gap_3000_3002_mean,0.049627069383859634,0.010898979380726814,0.000744721619412303
28,d_gap_3000_3001_sd,0.048004746437072754,0.005272288341075182,0.0004851022094953805
28,d_gap_3000_3002_sd,0.041467081755399704,0.0018180577317252755,0.00013126277190167457
29,d_ch3000_mean,0.09157776087522507,0.05787762627005577,0.0013859072932973504
29,d_ch3000_median,0.040953896939754486,0.00041482236701995134,0.00039102998562157154
29,d_ch3000_sd,0.06312263011932373,0.00870311539620161,0.0010332207893952727
29,d_ch3000_vmin,0.06183844804763794,0.004541741218417883,0.0013547885464504361
29,d_ch3000_vmax,0.049977730959653854,0.0028049054089933634,0.0003973390848841518
29,d_ch3000_n,0.041555799543857574,0.0028823663014918566,0.0003046666388399899
29,d_ch3000_cov_h,0.03857537731528282,-0.0002816581982187927,0.00044993104529567063
29,d_ch3000_hours,0.007360374089330435,-0.00019826790958177298,2.2346555851981975e-05
29,d_ch3001_mean,0.0389355830848217,0.0032283279579132795,0.00039067614125087857
29,d_ch3001_median,0.019406598061323166,0.00514872744679451,0.0009211316937580705
29,d_ch3001_sd,0.05147456377744675,0.0017892674077302217,0.000944861734751612
29,d_ch3001_vmin,0.026921458542346954,0.003491600975394249,0.0006704398547299206
29,d_ch3001_vmax,0.0337769016623497,0.0012626259122043848,0.0006661411025561392
29,d_ch3001_n,0.032729003578424454,-0.0002069892652798444,0.00012191490532131866
29,d_ch3001_cov_h,0.03417765349149704,-2.8120070055592805e-05,0.0003312552289571613
29,d_ch3001_hours,0.007215446792542934,-9.043524914886802e-05,0.00014675479906145483
29,d_ch3002_mean,0.034756653010845184,0.0009447664488106966,0.00046262735850177705
29,d_ch3002_median,0.02047233283519745,0.0006836337270215154,0.00016675167717039585
29,d_ch3002_sd,0.040913667529821396,0.00032603763975203037,0.000305806053802371
29,d_ch3002_vmin,0.028902815654873848,-0.0011910785688087344,0.0006339170504361391
29,d_ch3002_vmax,0.02391166053712368,0.001854359870776534,0.00031329624471254647
29,d_ch3002_n,0.006948963738977909,3.2410422136308625e-05,0.00016472865536343306
29,d_ch3002_cov_h,0.006893362384289503,0.0002606542257126421,0.00012207753024995327
29,d_ch3002_hours,0.006784455385059118,-0.00040833509410731494,0.00010797984577948228
29,d_gap_3000_3001_mean,0.04540495574474335,0.0029995765071362257,0.0005876834620721638
29,d_gap_3000_3002_mean,0.04940862953662872,0.013709490187466145,0.0007075502071529627
29,d_gap_3000_3001_sd,0.05346165597438812,0.011177568696439266,0.0006777237867936492
29,d_gap_3000_3002_sd,0.04254162311553955,0.0016530074644833803,0.000173375170561485
