arm,repeat,k,auc_mean,auc_sd,n_users
A,0,1,0.6464964267151767,0.016360897709228606,578
B,0,1,0.6829308731808732,0.010280774659583282,578
A_covs,0,1,0.6625995971933472,0.014100326561475612,578
A,0,2,0.6672288851351351,0.014531004287034984,578
B,0,2,0.6917262214137213,0.00847566245413382,578
A_covs,0,2,0.6844179443866943,0.012877735259250922,578
A,0,4,0.6815621751559252,0.010339218817773964,578
B,0,4,0.697008510914761,0.005618396053789174,578
A_covs,0,4,0.6983774038461539,0.009614234768712173,578
A,0,8,0.6912877468814969,0.0069661181245757944,578
B,0,8,0.7003076273388774,0.004129802591671001,578
A_covs,0,8,0.7068315358627859,0.0073264568989203065,578
A,0,16,0.6964523128898129,0.005389910140109357,578
B,0,16,0.7016648258835758,0.002655330051669638,578
A_covs,0,16,0.7110387863825364,0.004945282428495751,578
A,0,32,0.6990293009355508,0.0039503146224313295,578
B,0,32,0.7025443087318088,0.0018584862471966996,578
A_covs,0,32,0.7139541969854472,0.00383178002428244,578
A,0,64,0.7006637214137215,0.0027246506208703316,578
B,0,64,0.7029775207900208,0.0016124766450239976,578
A_covs,0,64,0.7149662162162161,0.0027371826686578885,578
A,0,128,0.7015837350780533,0.0020689118547742667,550
B,0,128,0.7053878271349862,0.0011279561408167897,550
A_covs,0,128,0.7081525482093665,0.002014159782166776,550
A,0,all,0.7026637214137215,0.0,578
B,0,all,0.7033523908523909,0.0,578
A_covs,0,all,0.7168009355509356,0.0,578
A,1,1,0.6691271439708939,0.01655762330469468,578
B,1,1,0.7220735446985447,0.011048968017274797,578
A_covs,1,1,0.6820168269230769,0.016982864262665476,578
A,1,2,0.696564449064449,0.013999582460116376,578
B,1,2,0.7345869932432433,0.008324748026301601,578
A_covs,1,2,0.7034760265072765,0.012441894599068026,578
A,1,4,0.7163754547817048,0.0104310153963046,578
B,1,4,0.7430991424116425,0.007084309952867966,578
A_covs,1,4,0.7213278326403326,0.00992883901628988,578
A,1,8,0.727255847193347,0.007358992496130512,578
B,1,8,0.7472076403326403,0.004199780387957715,578
A_covs,1,8,0.7301346803534304,0.006655555049849767,578
A,1,16,0.733277156964657,0.005902935100253804,578
B,1,16,0.7495103950103951,0.0032441371596617107,578
A_covs,1,16,0.7353872791060292,0.0054872345889157795,578
A,1,32,0.7364951923076923,0.0041608640579707335,578
B,1,32,0.7507186200623701,0.002344132536500895,578
A_covs,1,32,0.7380299506237006,0.0037800906455920436,578
A,1,64,0.7368147277712496,0.0031333327913376364,577
B,1,64,0.7498605562083821,0.0016321560283769712,577
A_covs,1,64,0.7380129912521217,0.0028629441920465437,577
A,1,128,0.7345485352919491,0.002306800164566987,555
B,1,128,0.7465100104925843,0.0012593465543968103,555
A_covs,1,128,0.7306396222669653,0.0020282149649786183,555
A,1,all,0.7399168399168401,0.0,578
B,1,all,0.7518581081081082,0.0,578
A_covs,1,all,0.7406574844074845,0.0,578
A,2,1,0.6704569906444907,0.017996619007426645,578
B,2,1,0.7088169828482327,0.011039680566200987,578
A_covs,2,1,0.6692948934511435,0.016428056231949283,578
A,2,2,0.6973203612266112,0.013448876031496268,578
B,2,2,0.7195908913721414,0.007312670173612116,578
A_covs,2,2,0.693175220893971,0.013628167732786448,578
A,2,4,0.7130510654885654,0.00902602804535948,578
B,2,4,0.7261382536382536,0.00576250638252235,578
A_covs,2,4,0.709812435031185,0.009930887626665245,578
A,2,8,0.7243119802494803,0.00804126670854259,578
B,2,8,0.7294700493762994,0.004113145757176155,578
A_covs,2,8,0.720735382016632,0.007435081177185395,578
A,2,16,0.728962448024948,0.004829581873911888,578
B,2,16,0.7309491943866945,0.0030214907436600445,578
A_covs,2,16,0.7252897609147609,0.005473605503159478,578
A,2,32,0.732612655925156,0.003995973670029477,578
B,2,32,0.7318800675675675,0.0022638756204256512,578
A_covs,2,32,0.7292790410602911,0.0038485167072379897,578
A,2,64,0.7342714397089398,0.0027235503486101424,578
B,2,64,0.7320590566528067,0.001368908488976845,578
A_covs,2,64,0.7304573154885654,0.0027001828924694622,578
A,2,128,0.73905761322831,0.0020900039283941753,550
B,2,128,0.7381569993049925,0.0011278593173763049,550
A_covs,2,128,0.7314372900498088,0.002155024160747374,550
A,2,all,0.7354859667359668,0.0,578
B,2,all,0.7322635135135136,0.0,578
A_covs,2,all,0.7321595634095636,0.0,578
A,3,1,0.669016761954262,0.015446152651445872,578
B,3,1,0.7103278976091477,0.010764070891412713,578
A_covs,3,1,0.6696798986486486,0.01473576261495978,578
A,3,2,0.6923223102910603,0.012746623932829819,578
B,3,2,0.7217753378378379,0.007566781867066311,578
A_covs,3,2,0.6882060161122661,0.011895336208154654,578
A,3,4,0.7080067567567567,0.01000030635163477,578
B,3,4,0.7278323804573804,0.005722853578032972,578
A_covs,3,4,0.7018826013513514,0.009275128983586378,578
A,3,8,0.7167240124740125,0.00774973497446584,578
B,3,8,0.7317554573804574,0.0041317334563461955,578
A_covs,3,8,0.7095105249480249,0.007393925721416837,578
A,3,16,0.7222016632016632,0.00538632164938698,578
B,3,16,0.7337218035343036,0.003068239272343356,578
A_covs,3,16,0.7140320945945945,0.005450496876143237,578
A,3,32,0.7249703742203742,0.004152650358802637,578
B,3,32,0.7346858757796259,0.0020758716514121833,578
A_covs,3,32,0.7158620712058211,0.004113652985081182,578
A,3,64,0.7268079521829524,0.002865247615469907,578
B,3,64,0.735274948024948,0.0015040499508966704,578
A_covs,3,64,0.7172421387733888,0.0025729554760270563,578
A,3,128,0.7261632060403659,0.001964763041830513,549
B,3,128,0.7383126905764484,0.0010352289809907678,549
A_covs,3,128,0.71126049077973,0.0019402306903668716,549
A,3,all,0.7285862785862786,0.0,578
B,3,all,0.7356548856548856,0.0,578
A_covs,3,all,0.7180093555093555,0.0,578
A,4,1,0.6698759095634097,0.017000034041157946,578
B,4,1,0.7063910472972972,0.012309934487665732,578
A_covs,4,1,0.6785175415800415,0.016274752085619768,578
A,4,2,0.6957481159043658,0.013101394368119763,578
B,4,2,0.7184712188149689,0.008618774335872745,578
A_covs,4,2,0.7006716476091477,0.012600996047046838,578
A,4,4,0.7110888773388773,0.009409939710860616,578
B,4,4,0.7254444516632016,0.005743917482586063,578
A_covs,4,4,0.7152793659043659,0.009812431355656218,578
A,4,8,0.7221945816008316,0.008067683001021302,578
B,4,8,0.7286889942827444,0.003967854111580646,578
A_covs,4,8,0.7246722972972974,0.0074786219138205335,578
A,4,16,0.7269504287941788,0.005259743554738236,578
B,4,16,0.730268840956341,0.0028175269482826905,578
A_covs,4,16,0.7288123700623701,0.005422590762196057,578
A,4,32,0.7305137733887734,0.0037748316016840786,578
B,4,32,0.7308895530145528,0.002076214363446812,578
A_covs,4,32,0.7316789890852391,0.0038147679899916136,578
A,4,64,0.7307122047449832,0.0029222156694909385,576
B,4,64,0.730078320965719,0.001613560135152762,576
A_covs,4,64,0.7315615201714047,0.002726450577372862,576
A,4,128,0.7341918289559883,0.0021232834993035144,541
B,4,128,0.7318799505687571,0.0010881122771484507,541
A_covs,4,128,0.7245832588886905,0.0020845617679779104,541
A,4,all,0.7337318087318088,0.0,578
B,4,all,0.7313019750519751,0.0,578
A_covs,4,all,0.7339527027027027,0.0,578
A,5,1,0.6578569386694387,0.0167199717254409,578
B,5,1,0.7069393191268191,0.011316732620364377,578
A_covs,5,1,0.6775239734927234,0.014919746563530619,578
A,5,2,0.6833698024948025,0.012551917282056088,578
B,5,2,0.7192520790020791,0.008143058783394419,578
A_covs,5,2,0.7010435940748441,0.012810886917085016,578
A,5,4,0.6998933861746361,0.010963216255017711,578
B,5,4,0.7256809381496881,0.006133544494311666,578
A_covs,5,4,0.7158338097713097,0.01048723781847405,578
A,5,8,0.7089546517671518,0.007425452816381465,578
B,5,8,0.7286511174636174,0.00412370042512566,578
A_covs,5,8,0.723096088877339,0.0070739544560724146,578
A,5,16,0.7138935161122661,0.005166854545994512,578
B,5,16,0.7307912551975052,0.0030356512315044505,578
A_covs,5,16,0.7273827962577962,0.005239369237921787,578
A,5,32,0.7170851091476093,0.0037277929166910145,578
B,5,32,0.7318290020790021,0.002024460233161768,578
A_covs,5,32,0.7306386434511434,0.0035384745431750937,578
A,5,64,0.7177928913904523,0.0028476218784306384,577
B,5,64,0.7317292708984783,0.0015986153652021906,577
A_covs,5,64,0.7307977642276423,0.0027137739081911426,577
A,5,128,0.7199654324222048,0.0021664256042025634,545
B,5,128,0.7323589642825954,0.0010789127790596005,545
A_covs,5,128,0.7296041830407825,0.0020590812529355067,545
A,5,all,0.7204391891891893,0.0,578
B,5,all,0.7323804573804573,0.0,578
A_covs,5,all,0.7324714137214137,0.0,578
A,6,1,0.6653393970893969,0.017939962951747112,578
B,6,1,0.6957238825363825,0.010503830678870871,578
A_covs,6,1,0.6824234667359668,0.01600312664742899,578
A,6,2,0.6899135914760915,0.013353922282991513,578
B,6,2,0.7064736876299377,0.007834537959279563,578
A_covs,6,2,0.7074121621621622,0.013204206692933063,578
A,6,4,0.707118892931393,0.01113063389385202,578
B,6,4,0.7141305873180874,0.0067408996258016,578
A_covs,6,4,0.725804119022869,0.01157762695368884,578
A,6,8,0.7192081600831599,0.007284636047446806,578
B,6,8,0.7184381496881497,0.004431763792861567,578
A_covs,6,8,0.7380198154885655,0.007740459704606915,578
A,6,16,0.7243942957380457,0.005470121079578965,578
B,6,16,0.7199766112266113,0.0030380148700325372,578
A_covs,6,16,0.7437372011434512,0.005702305225234489,578
A,6,32,0.7276298726611228,0.004024322353120087,578
B,6,32,0.7212156964656964,0.0021491492462449753,578
A_covs,6,32,0.747110382016632,0.0038438587695864236,578
A,6,64,0.7283784436610524,0.002921396377429758,577
B,6,64,0.7205195195195195,0.0016349342561375261,577
A_covs,6,64,0.7483890194542369,0.003089948385207208,577
A,6,128,0.7274392246053742,0.002016263840316838,537
B,6,128,0.7228810700084347,0.0011638223030445763,537
A_covs,6,128,0.7426439179419208,0.0022499548710042476,537
A,6,all,0.730873180873181,0.0,578
B,6,all,0.7223622661122662,0.0,578
A_covs,6,all,0.7509615384615385,0.0,578
A,7,1,0.6836322115384615,0.017293197718378783,578
B,7,1,0.7290803664241164,0.010360963069258744,578
A_covs,7,1,0.6615076013513513,0.016847905930501148,578
A,7,2,0.7124915540540542,0.014668741326325944,578
B,7,2,0.7434150207900209,0.008931241245464693,578
A_covs,7,2,0.6845436590436591,0.013163471004232229,578
A,7,4,0.7310122141372142,0.010572739343268939,578
B,7,4,0.7519503638253638,0.006052196172901666,578
A_covs,7,4,0.6966235706860706,0.00975979328821319,578
A,7,8,0.7418256237006239,0.007204613206644368,578
B,7,8,0.7558307562370062,0.004119031164835358,578
A_covs,7,8,0.7054617983367983,0.006711852707429039,578
A,7,16,0.7480230639293138,0.005433012930831914,578
B,7,16,0.7574122920997921,0.0030310936562716866,578
A_covs,7,16,0.7100005197505197,0.005227525704142016,578
A,7,32,0.7517819646569646,0.003943828842572379,578
B,7,32,0.7584820686070687,0.002154217058725363,578
A_covs,7,32,0.7130109797297297,0.004154389089523795,578
A,7,64,0.7513408554185252,0.0026237309639977695,576
B,7,64,0.7578302282865388,0.001607363615758394,576
A_covs,7,64,0.711772172658095,0.002468342988726532,576
A,7,128,0.7487163165869455,0.0021092211301841184,541
B,7,128,0.7549287709082266,0.000982989161001542,541
A_covs,7,128,0.7097384800499122,0.0019178091528455705,541
A,7,all,0.7550155925155925,0.0,578
B,7,all,0.7594204781704781,0.0,578
A_covs,7,all,0.7149428274428276,0.0,578
A,8,1,0.6783930613305613,0.017756875038152996,578
B,8,1,0.7179974662162161,0.011655310362051563,578
A_covs,8,1,0.6946938019750519,0.01693489624093197,578
A,8,2,0.7087118633056133,0.013852789907905212,578
B,8,2,0.7331201923076924,0.00887121213145608,578
A_covs,8,2,0.721818672037422,0.013007798473276275,578
A,8,4,0.7323471283783783,0.011769211245969477,578
B,8,4,0.7410441138253637,0.006084187615171064,578
A_covs,8,4,0.7420773778586279,0.010361102436248052,578
A,8,8,0.7462305743243243,0.008157684506237967,578
B,8,8,0.7450022089397089,0.004318558853877061,578
A_covs,8,8,0.7534483497921,0.007701575494304894,578
A,8,16,0.7544964267151767,0.006180556995795177,578
B,8,16,0.7473472583160082,0.0028642209557595754,578
A_covs,8,16,0.7598825363825363,0.005354011042219972,578
A,8,32,0.758556327962578,0.004509417444500497,578
B,8,32,0.7483462837837839,0.0022459510576561775,578
A_covs,8,32,0.7633124350311848,0.004004625462556131,578
A,8,64,0.7594236282942539,0.003028504040693377,576
B,8,64,0.747878454629957,0.0016282320491567493,576
A_covs,8,64,0.7634486076744824,0.0025582774248691415,576
A,8,128,0.7629986905602638,0.0023768518771237605,546
B,8,128,0.7518274776365348,0.0012132210448941316,546
A_covs,8,128,0.7619115613229756,0.0020609195876901657,546
A,8,all,0.7635914760914762,0.0,578
B,8,all,0.7497531185031185,0.0,578
A_covs,8,all,0.7666839916839917,0.0,578
A,9,1,0.6694237266112266,0.01742397110365501,578
B,9,1,0.7126461798336798,0.012040983486862401,578
A_covs,9,1,0.6695484667359668,0.017189346704742533,578
A,9,2,0.6927112785862787,0.014010808523713992,578
B,9,2,0.726528846153846,0.00867371126758252,578
A_covs,9,2,0.690827053014553,0.013546284263738953,578
A,9,4,0.7114178144490644,0.0103826321812969,578
B,9,4,0.7341850311850311,0.005834323234894865,578
A_covs,9,4,0.7064569256756758,0.009789279064870971,578
A,9,8,0.7221613175675675,0.0076743377370394016,578
B,9,8,0.7388882536382536,0.004386153865197295,578
A_covs,9,8,0.7168804573804575,0.007659857842203556,578
A,9,16,0.7279545218295218,0.005604562236796635,578
B,9,16,0.7407544178794179,0.0029070273831966987,578
A_covs,9,16,0.7212761824324323,0.005049982528943914,578
A,9,32,0.7313822115384616,0.00421518701674681,578
B,9,32,0.7417628638253637,0.002078109179195999,578
A_covs,9,32,0.7241448154885656,0.004226228170772395,578
A,9,64,0.7331656704781705,0.002620793843747938,578
B,9,64,0.7422540930353431,0.0014692412375086872,578
A_covs,9,64,0.7260219594594594,0.002666051586529444,578
A,9,128,0.7230086880600006,0.0021510095328749258,555
B,9,128,0.7343043111098388,0.0011194653932171215,555
A_covs,9,128,0.7179978100936077,0.0020257704182790716,555
A,9,all,0.735031185031185,0.0,578
B,9,all,0.7428924116424116,0.0,578
A_covs,9,all,0.726975051975052,0.0,578
A,10,1,0.6551505327442828,0.01620567059110871,578
B,10,1,0.6900148778586279,0.011385056819156131,578
A_covs,10,1,0.6804946725571724,0.015714456228860904,578
A,10,2,0.6804195036382537,0.013976344123582413,578
B,10,2,0.7036515072765073,0.008721336474776792,578
A_covs,10,2,0.7043884485446986,0.012638001180045315,578
A,10,4,0.6963258835758837,0.010475501634446022,578
B,10,4,0.7093505067567568,0.005699525059867239,578
A_covs,10,4,0.7201569646569647,0.009265061922352155,578
A,10,8,0.706952247920998,0.008141705391878602,578
B,10,8,0.713256301975052,0.004540756751828368,578
A_covs,10,8,0.7307825493762994,0.007511022690544144,578
A,10,16,0.7128910472972972,0.0059515107827779945,578
B,10,16,0.7150343685031184,0.0029231916147847,578
A_covs,10,16,0.7359712188149689,0.005634185025066817,578
A,10,32,0.7167385654885655,0.0041674397148477,578
B,10,32,0.7159294438669438,0.002122917446862103,578
A_covs,10,32,0.7388635005197506,0.004214192470421162,578
A,10,64,0.7179594017094019,0.0031625276040575224,577
B,10,64,0.7169703069626852,0.001700021124705884,577
A_covs,10,64,0.7398097769439232,0.0028521404240589143,577
A,10,128,0.7187899874009819,0.0020409446281368262,546
B,10,128,0.7183680651094088,0.001205883264901838,546
A_covs,10,128,0.7367495981347661,0.0018660172952727108,546
A,10,all,0.7196725571725573,0.0,578
B,10,all,0.7170218295218295,0.0,578
A_covs,10,all,0.7416320166320165,0.0,578
A,11,1,0.643410472972973,0.017658645829087934,578
B,11,1,0.687568801975052,0.01104533283594297,578
A_covs,11,1,0.6496539111226611,0.014754261174004255,578
A,11,2,0.6680141632016633,0.013588621344549684,578
B,11,2,0.6982426585239085,0.008827905153672475,578
A_covs,11,2,0.6705601611226613,0.01269450328539594,578
A,11,4,0.6846320816008316,0.010700734490490214,578
B,11,4,0.7037982068607068,0.0058038836080440736,578
A_covs,11,4,0.6851101871101871,0.010215320492459747,578
A,11,8,0.6925044828482327,0.00829644404300469,578
B,11,8,0.7073058082120582,0.004290464985098271,578
A_covs,11,8,0.6918108108108109,0.007473449650295848,578
A,11,16,0.6993512863825364,0.0056873433352173704,578
B,11,16,0.7095224142411641,0.0030850879703515632,578
A_covs,11,16,0.6970023388773389,0.00538451551608516,578
A,11,32,0.7015033783783784,0.004089145059108941,578
B,11,32,0.7098629807692308,0.002187851906047558,578
A_covs,11,32,0.6988783783783784,0.0037775994995331175,578
A,11,64,0.7030912811850311,0.002889800795042248,578
B,11,64,0.7104031314968816,0.0015786857560620329,578
A_covs,11,64,0.6999519230769231,0.003006000563919085,578
A,11,128,0.6994453966005665,0.0020872680505381893,553
B,11,128,0.7093248583569405,0.001138252718872361,553
A_covs,11,128,0.6956776203966006,0.0018919332119499061,553
A,11,all,0.7040540540540541,0.0,578
B,11,all,0.7106808731808731,0.0,578
A_covs,11,all,0.701260395010395,0.0,578
A,12,1,0.6519600441787943,0.01658894481014298,578
B,12,1,0.6898759745322245,0.01185819078875267,578
A_covs,12,1,0.6733567437629938,0.016693690514215206,578
A,12,2,0.673545867983368,0.01421370671616816,578
B,12,2,0.7008527806652808,0.008632474807847599,578
A_covs,12,2,0.6954037162162162,0.013584596457793995,578
A,12,4,0.6909054703742202,0.011002906805975652,578
B,12,4,0.7083012603950104,0.00636028567990284,578
A_covs,12,4,0.7123469984407484,0.011039685669716987,578
A,12,8,0.7022919698544698,0.008478311047941469,578
B,12,8,0.7131284433471933,0.00457487314491954,578
A_covs,12,8,0.7238278976091476,0.007646523748019781,578
A,12,16,0.7074435420997921,0.0055517792902070795,578
B,12,16,0.7141568347193348,0.003275288995523269,578
A_covs,12,16,0.7291904885654885,0.005926303169061131,578
A,12,32,0.7115083809771309,0.0044761788982581666,578
B,12,32,0.715754028066528,0.0024275519286143755,578
A_covs,12,32,0.7327671517671519,0.004339385627043417,578
A,12,64,0.7124937629937631,0.003262794938702258,578
B,12,64,0.7160044178794179,0.0017756052012548949,578
A_covs,12,64,0.7344323024948025,0.003105523542600186,578
A,12,128,0.7251143984220909,0.002182376826769199,546
B,12,128,0.7295825115055885,0.0012418300108999148,546
A_covs,12,128,0.7420727591496822,0.002228695733640755,546
A,12,all,0.7140592515592515,0.0,578
B,12,all,0.7168009355509355,0.0,578
A_covs,12,all,0.7361356548856549,0.0,578
A,13,1,0.6668801975051974,0.01599191046451095,578
B,13,1,0.7038653846153846,0.010393922350801573,578
A_covs,13,1,0.6704977260914761,0.014731985125618071,578
A,13,2,0.6908595374220374,0.01380052346821374,578
B,13,2,0.714662746881497,0.007136293724663131,578
A_covs,13,2,0.6886137603950104,0.012284165980072604,578
A,13,4,0.7069938929313929,0.009234774931930947,578
B,13,4,0.7199483497920999,0.0054501560063042135,578
A_covs,13,4,0.7025033783783783,0.0081095524361271,578
A,13,8,0.7152102390852392,0.006887301923737302,578
B,13,8,0.7224244412681913,0.0038688699391282917,578
A_covs,13,8,0.7095398908523909,0.006649292255451411,578
A,13,16,0.7213180223492723,0.005441939064708025,578
B,13,16,0.7241262993762994,0.0028099910726752733,578
A_covs,13,16,0.7142426585239084,0.00459857756906342,578
A,13,32,0.7243523258835759,0.0037719875890453282,578
B,13,32,0.7253130847193348,0.0021692306462156056,578
A_covs,13,32,0.7167398648648649,0.0035370879754079688,578
A,13,64,0.7234057316418574,0.0028971939093002316,576
B,13,64,0.7241820169409423,0.0013612344998427425,576
A_covs,13,64,0.7159269732793946,0.002630926046685332,576
A,13,128,0.7152472200009053,0.0019260432039846802,538
B,13,128,0.7174718228042911,0.0011464697368680794,538
A_covs,13,128,0.7044372859362977,0.0017081724132505173,538
A,13,all,0.7265072765072765,0.0,578
B,13,all,0.7258316008316009,0.0,578
A_covs,13,all,0.7186070686070685,0.0,578
A,14,1,0.6493078222453224,0.016779343473119664,578
B,14,1,0.6829597193347193,0.010963051628356198,578
A_covs,14,1,0.6544246361746362,0.015088663460139009,578
A,14,2,0.6717811850311851,0.01296929069939247,578
B,14,2,0.6926675545738047,0.008226183791212538,578
A_covs,14,2,0.6748573284823286,0.013319889457049386,578
A,14,4,0.6867067307692308,0.010981874548320404,578
B,14,4,0.6976022609147609,0.005949425488703863,578
A_covs,14,4,0.6878720114345114,0.010755327758358633,578
A,14,8,0.696814643970894,0.007489704448208838,578
B,14,8,0.7008194516632017,0.004224269167278052,578
A_covs,14,8,0.6956116164241163,0.007253626609658687,578
A,14,16,0.7017982718295218,0.006026434280351745,578
B,14,16,0.7016179183991684,0.0028678792068526377,578
A_covs,14,16,0.6995164371101871,0.005458503819249299,578
A,14,32,0.7048816917879418,0.0037926675672198804,578
B,14,32,0.7027199194386695,0.002042716223805734,578
A_covs,14,32,0.7023661642411642,0.0036733813822547893,578
A,14,64,0.7061943866943866,0.0030050017945960766,578
B,14,64,0.7031635914760915,0.0015185984363887879,578
A_covs,14,64,0.7037320036382536,0.003014900207369368,578
A,14,128,0.7020005765147573,0.0021367042319507972,558
B,14,128,0.6990915674170733,0.001045697193136058,558
A_covs,14,128,0.7008716621904749,0.0021347463706137427,558
A,14,all,0.7074194386694388,0.0,578
B,14,all,0.7034173596673597,0.0,578
A_covs,14,all,0.705535343035343,0.0,578
A,15,1,0.6763944906444905,0.015921893407957237,578
B,15,1,0.7070144230769231,0.010634977892898235,578
A_covs,15,1,0.6780869282744283,0.0158295187230454,578
A,15,2,0.7014901247401246,0.0119969812014465,578
B,15,2,0.7179237915800417,0.007723094995404077,578
A_covs,15,2,0.7035398908523908,0.012301156755724223,578
A,15,4,0.7168087967775469,0.009375978749130282,578
B,15,4,0.7235050675675676,0.0059851692409859224,578
A_covs,15,4,0.7174764163201663,0.009342520153659621,578
A,15,8,0.7280185810810811,0.0074815157446989486,578
B,15,8,0.7272339527027029,0.004516999448837516,578
A_covs,15,8,0.7277118633056133,0.007531928257203157,578
A,15,16,0.7326108367983369,0.005060334660143788,578
B,15,16,0.7288755847193348,0.0027711543016130293,578
A_covs,15,16,0.731977130977131,0.00533423310352088,578
A,15,32,0.7356486486486488,0.003741067283112836,578
B,15,32,0.7298950103950105,0.001984589262841896,578
A_covs,15,32,0.7342884615384616,0.003646557025040569,578
A,15,64,0.7374942827442829,0.0028817666582004017,578
B,15,64,0.7304486746361747,0.0016171191489864044,578
A_covs,15,64,0.7357782614345113,0.0026533311749665786,578
A,15,128,0.7345100136814834,0.0019412677314521324,545
B,15,128,0.7285296044013623,0.0011078368377111611,545
A_covs,15,128,0.7326504235437953,0.0020258932027537716,545
A,15,all,0.739695945945946,0.0,578
B,15,all,0.7309381496881499,0.0,578
A_covs,15,all,0.7364475051975052,0.0,578
A,16,1,0.659839786902287,0.017405020331223875,578
B,16,1,0.6898623310810811,0.011217940459109087,578
A_covs,16,1,0.6664510784823284,0.015939077950202118,578
A,16,2,0.6799094334719333,0.0132813216695387,578
B,16,2,0.7001573544698545,0.009029963383595102,578
A_covs,16,2,0.6852211538461539,0.012501565674699913,578
A,16,4,0.6967787811850311,0.01053704873711599,578
B,16,4,0.7067360966735967,0.006038816115015084,578
A_covs,16,4,0.7024660213097712,0.010253221770105004,578
A,16,8,0.7059367853430354,0.00729226086916382,578
B,16,8,0.7102859277546778,0.004527340466000132,578
A_covs,16,8,0.7099758965696465,0.007537958985137922,578
A,16,16,0.7114781055093554,0.005918887235625971,578
B,16,16,0.7119593295218294,0.003572353590146961,578
A_covs,16,16,0.7154469204781705,0.005248936718207043,578
A,16,32,0.7136597583160085,0.003979264551770516,578
B,16,32,0.712760524948025,0.0024149109529628967,578
A_covs,16,32,0.7172870971933472,0.0034296486130320773,578
A,16,64,0.7150213097713097,0.0029226349307482067,578
B,16,64,0.7133617463617463,0.0017435222536460418,578
A_covs,16,64,0.7186642411642413,0.002831235107968126,578
A,16,128,0.7116163161902531,0.0020687362674529784,546
B,16,128,0.7114822516401125,0.0012291652773293543,546
A_covs,16,128,0.7122862728444236,0.0020076877480824803,546
A,16,all,0.7169308731808732,0.0,578
B,16,all,0.7138643451143453,0.0,578
A_covs,16,all,0.7199194386694386,0.0,578
A,17,1,0.6791261044698544,0.016251394686341535,578
B,17,1,0.7137302494802494,0.010701303308134232,578
A_covs,17,1,0.6874523128898129,0.016197242244599286,578
A,17,2,0.7080273518711019,0.014941052099945413,578
B,17,2,0.7268425155925157,0.008279414414163536,578
A_covs,17,2,0.7123195166320166,0.013200175727824979,578
A,17,4,0.7248424506237007,0.011351947101647714,578
B,17,4,0.7341780145530146,0.005617006478809937,578
A_covs,17,4,0.7267703352390853,0.01008710712873714,578
A,17,8,0.7377026377338878,0.007670449319821563,578
B,17,8,0.7378487525987526,0.004392459359752091,578
A_covs,17,8,0.737754093035343,0.007497979942668787,578
A,17,16,0.7438931912681912,0.005605200309885188,578
B,17,16,0.7394562759875261,0.002626661372008222,578
A_covs,17,16,0.7425217645530146,0.005130400509804192,578
A,17,32,0.7478578482328483,0.004156407860162991,578
B,17,32,0.7411344204781705,0.0020756151748218903,578
A_covs,17,32,0.7459960369022869,0.003766211304482906,578
A,17,64,0.7494913591476091,0.0029455377298488283,578
B,17,64,0.7416643061330561,0.001666298491753701,578
A_covs,17,64,0.7475239085239085,0.002813804593600898,578
A,17,128,0.7536124447160149,0.002072097194849452,550
B,17,128,0.7446755702979516,0.0011263133861710145,550
A_covs,17,128,0.7435431215083799,0.0017655909881531024,550
A,17,all,0.7512603950103949,0.0,578
B,17,all,0.7421387733887733,0.0,578
A_covs,17,all,0.7494412681912681,0.0,578
A,18,1,0.6569124220374221,0.017580261163430373,578
B,18,1,0.6949176845114345,0.010587551366289746,578
A_covs,18,1,0.6668637603950104,0.0163886949352955,578
A,18,2,0.6797116034303535,0.01277750250765377,578
B,18,2,0.7046911382536382,0.007955412043926698,578
A_covs,18,2,0.6892526637214138,0.01201361869439251,578
A,18,4,0.6950287162162161,0.009653441360855063,578
B,18,4,0.7113907224532224,0.006224807824596049,578
A_covs,18,4,0.7056352650727652,0.009108374596286002,578
A,18,8,0.7059629028066529,0.007132493531951874,578
B,18,8,0.7144951273388773,0.004077973805789656,578
A_covs,18,8,0.7165150077962578,0.007103002657018318,578
A,18,16,0.7105817957380458,0.005464229663598762,578
B,18,16,0.7162429833679833,0.002838953047590862,578
A_covs,18,16,0.7203195816008315,0.0051162672915341404,578
A,18,32,0.7132631886694386,0.0038750269349941075,578
B,18,32,0.7167975571725571,0.0020575418515487148,578
A_covs,18,32,0.7233941008316009,0.0038362276279788783,578
A,18,64,0.714597713097713,0.0027055540916864724,578
B,18,64,0.7171203872141373,0.0016103389542633441,578
A_covs,18,64,0.7247389553014553,0.0026762020599713243,578
A,18,128,0.7129787527193617,0.0019732254228636845,547
B,18,128,0.7138395213923132,0.0011742691169268015,547
A_covs,18,128,0.7210303843364757,0.0019377153748172588,547
A,18,all,0.7162551975051975,0.0,578
B,18,all,0.7178924116424117,0.0,578
A_covs,18,all,0.725766632016632,0.0,578
A,19,1,0.6695024038461539,0.015068970897954032,578
B,19,1,0.6976071985446985,0.01204108142967363,578
A_covs,19,1,0.6826576143451143,0.015276532468148932,578
A,19,2,0.6941929573804575,0.013642898909104023,578
B,19,2,0.7093671387733888,0.008404344750049158,578
A_covs,19,2,0.7065097453222454,0.012740682453997692,578
A,19,4,0.7100217645530145,0.010335227808193691,578
B,19,4,0.7155554833679834,0.006682221573541828,578
A_covs,19,4,0.7217663721413722,0.010159568195723521,578
A,19,8,0.7218277027027028,0.007219734278183307,578
B,19,8,0.7200762084199585,0.004552242070108613,578
A_covs,19,8,0.7328605119542619,0.006751908493357081,578
A,19,16,0.7268429703742203,0.005318416205796941,578
B,19,16,0.7221021309771309,0.0032727125863571856,578
A_covs,19,16,0.7375552884615385,0.00540440360550088,578
A,19,32,0.7299435420997921,0.003951503907680471,578
B,19,32,0.723081275987526,0.002097832181357932,578
A_covs,19,32,0.7407801455301456,0.003822738051649184,578
A,19,64,0.7290751214275427,0.0028295900871159016,576
B,19,64,0.7214326486260032,0.001823675275496286,576
A_covs,19,64,0.7400150557061127,0.002779802591884187,576
A,19,128,0.7275461899676706,0.0020323236297575386,544
B,19,128,0.7236388039614389,0.0011773787739308773,544
A_covs,19,128,0.7365811378165275,0.0020416854143511694,544
A,19,all,0.7327962577962578,0.0,578
B,19,all,0.7241424116424117,0.0,578
A_covs,19,all,0.7431003118503118,0.0,578
A,20,1,0.680979015072765,0.01971012418906041,578
B,20,1,0.725637668918919,0.011843162122037818,578
A_covs,20,1,0.6997356418918921,0.01681617112067184,578
A,20,2,0.7070845244282745,0.013971534727905743,578
B,20,2,0.7413445945945947,0.008237154424260056,578
A_covs,20,2,0.7237290800415801,0.012528871256113036,578
A,20,4,0.7278011954261955,0.011051225245351681,578
B,20,4,0.7504460758835759,0.006244379914193743,578
A_covs,20,4,0.742512538981289,0.009028348071805567,578
A,20,8,0.7393323154885656,0.008057405660909126,578
B,20,8,0.7543560291060291,0.004605323463667738,578
A_covs,20,8,0.7529868113305613,0.007016991943959706,578
A,20,16,0.7450622401247401,0.005795201687359085,578
B,20,16,0.7572610446985447,0.0032025193334638408,578
A_covs,20,16,0.7581300675675675,0.005060503097017756,578
A,20,32,0.7485248180873181,0.004558140923471872,578
B,20,32,0.7584491294178793,0.002370411230307379,578
A_covs,20,32,0.7610871881496882,0.0039845366720304915,578
A,20,64,0.7501564825695262,0.002739548184500666,577
B,20,64,0.7587110588849719,0.0016584023586965473,577
A_covs,20,64,0.7625206946076512,0.002598086011774248,577
A,20,128,0.7482993601258963,0.0021951459509622654,542
B,20,128,0.7570923586264234,0.0011668787164537163,542
A_covs,20,128,0.7555317190492451,0.0018827453338297587,542
A,20,all,0.7524558212058212,0.0,578
B,20,all,0.7596803534303533,0.0,578
A_covs,20,all,0.7645790020790022,0.0,578
A,21,1,0.6555431392931393,0.016742724549553282,578
B,21,1,0.6901020660083159,0.010652356799999,578
A_covs,21,1,0.6482263513513513,0.016363772126206762,578
A,21,2,0.6756953612266112,0.013232506796236413,578
B,21,2,0.700952182952183,0.00776175829588933,578
A_covs,21,2,0.665635265072765,0.012757968434184351,578
A,21,4,0.693762668918919,0.009834003851507036,578
B,21,4,0.7076498180873182,0.005727421049146692,578
A_covs,21,4,0.6787968425155924,0.00939253439401244,578
A,21,8,0.7028701923076923,0.007535174444132318,578
B,21,8,0.711189514033264,0.004363557393573639,578
A_covs,21,8,0.6862522739085238,0.007346559312892876,578
A,21,16,0.707549766112266,0.00526746444513545,578
B,21,16,0.7123180873180874,0.0029951387532482685,578
A_covs,21,16,0.6898955951143452,0.005021288725414619,578
A,21,32,0.7109700493762994,0.003951480877491745,578
B,21,32,0.7134969464656965,0.0024112527554241672,578
A_covs,21,32,0.6926492333679833,0.00414477054876615,578
A,21,64,0.7120903038357307,0.0028591971985306806,577
B,21,64,0.7135210808838858,0.0016526069537217737,577
A_covs,21,64,0.6936090916197624,0.003072442377552463,577
A,21,128,0.7098426402698864,0.0019696347561927803,544
B,21,128,0.7116103663589015,0.0010521343735832994,544
A_covs,21,128,0.6848416785037879,0.001994115506135423,544
A,21,all,0.7148128898128898,0.0,578
B,21,all,0.7144620582120582,0.0,578
A_covs,21,all,0.6955821205821207,0.0,578
A,22,1,0.638662487006237,0.017704425021054772,578
B,22,1,0.6664243113305613,0.011030768278661906,578
A_covs,22,1,0.6640823804573804,0.016524765055208505,578
A,22,2,0.6574148908523909,0.012754808389907847,578
B,22,2,0.6753887084199585,0.008357202472857813,578
A_covs,22,2,0.6850439189189188,0.012583362083297396,578
A,22,4,0.6738532354469855,0.010003340912122783,578
B,22,4,0.6798664241164242,0.005794075249933233,578
A_covs,22,4,0.7013383575883576,0.009081893021106057,578
A,22,8,0.6823004807692308,0.007247460692120538,578
B,22,8,0.6821496881496881,0.004553227076178021,578
A_covs,22,8,0.7108465436590435,0.0067657268377956485,578
A,22,16,0.6874314579002079,0.00603193458071726,578
B,22,16,0.6831921127858628,0.0033181478486208507,578
A_covs,22,16,0.7160465826403326,0.005111067099775909,578
A,22,32,0.6902565618503118,0.0040189163638021,578
B,22,32,0.6840526247401247,0.0022140264097959004,578
A_covs,22,32,0.7191162292099791,0.003337544604746624,578
A,22,64,0.6915157874220376,0.00288903958660768,578
B,22,64,0.6840944646569647,0.0014868255975140547,578
A_covs,22,64,0.7202349922037422,0.0026787830914345423,578
A,22,128,0.6950534967209407,0.0020273730757487556,553
B,22,128,0.69106512890095,0.0011316692279772218,553
A_covs,22,128,0.7201249434644957,0.0018261532140205763,553
A,22,all,0.693204261954262,0.0,578
B,22,all,0.6846413721413721,0.0,578
A_covs,22,all,0.7217515592515593,0.0,578
A,23,1,0.6838319256756756,0.017808021906252865,578
B,23,1,0.7254122271309771,0.011039116231549672,578
A_covs,23,1,0.6992503898128898,0.016510149398284702,578
A,23,2,0.7106370841995843,0.013601461863554286,578
B,23,2,0.7418039241164242,0.008466126210057837,578
A_covs,23,2,0.723710498960499,0.013355313196084231,578
A,23,4,0.7308892281704782,0.010130194883302723,578
B,23,4,0.7484558212058212,0.006324164222863499,578
A_covs,23,4,0.7442691008316008,0.00996168700040961,578
A,23,8,0.741493633056133,0.008368274184127686,578
B,23,8,0.7527924246361747,0.004194429281651364,578
A_covs,23,8,0.7528286772349273,0.007414963368857901,578
A,23,16,0.7490825753638254,0.005450897653345382,578
B,23,16,0.7551329261954263,0.0030752316971253257,578
A_covs,23,16,0.7593067827442828,0.005595330212134553,578
A,23,32,0.7521614475051974,0.004210475189091505,578
B,23,32,0.756241554054054,0.0021267903534732437,578
A_covs,23,32,0.7617226481288982,0.004281995466964817,578
A,23,64,0.7536259095634097,0.002940087399472382,578
B,23,64,0.7566908134095633,0.001611351795768537,578
A_covs,23,64,0.763731288981289,0.0029163788935544707,578
A,23,128,0.7538447624812638,0.0021747541256144963,550
B,23,128,0.7552512827164765,0.0012237734864144732,550
A_covs,23,128,0.7600539029170992,0.0020280521279685032,550
A,23,all,0.7554313929313929,0.0,578
B,23,all,0.756743762993763,0.0,578
A_covs,23,all,0.7651767151767151,0.0,578
A,24,1,0.6546390982328483,0.016572417979129977,578
B,24,1,0.7000849142411643,0.010834046462848778,578
A_covs,24,1,0.6423321855509356,0.015018337089111633,578
A,24,2,0.6764396439708941,0.013780039563494722,578
B,24,2,0.7118054183991686,0.009402285986249911,578
A_covs,24,2,0.657571140852391,0.012913153805160572,578
A,24,4,0.6932793659043659,0.010743173084866171,578
B,24,4,0.7200869932432432,0.006365548660921094,578
A_covs,24,4,0.6689908393970895,0.009642092714699237,578
A,24,8,0.7025539241164241,0.007613505545688529,578
B,24,8,0.7239378898128899,0.004525576789244535,578
A_covs,24,8,0.6761998440748439,0.007737416272500242,578
A,24,16,0.7081492983367983,0.005340526393655923,578
B,24,16,0.7252712448024948,0.002854693042222223,578
A_covs,24,16,0.6797069906444907,0.005075581506145235,578
A,24,32,0.7110009745322246,0.003748735568765773,578
B,24,32,0.7267991813929315,0.0020773389745043767,578
A_covs,24,32,0.6820138383575883,0.0037699685028346956,578
A,24,64,0.7121425415800416,0.0029019669359235142,578
B,24,64,0.7272976871101872,0.0017262942105138578,578
A_covs,24,64,0.683004287941788,0.0028498918529634423,578
A,24,128,0.7109826152683296,0.002190021249848725,547
B,24,128,0.7263099598813885,0.00107416593016109,547
A_covs,24,128,0.6710491889063319,0.002041649062179622,547
A,24,all,0.7128768191268192,0.0,578
B,24,all,0.7280015592515592,0.0,578
A_covs,24,all,0.6838487525987527,0.0,578
A,25,1,0.6645611356548856,0.01662063885480568,578
B,25,1,0.7008377079002079,0.010285137968192169,578
A_covs,25,1,0.6877488955301456,0.014855125671395243,578
A,25,2,0.6906489085239085,0.012740928833708793,578
B,25,2,0.7133377079002079,0.007755513977334508,578
A_covs,25,2,0.7123075623700623,0.011927659996421557,578
A,25,4,0.7077722193347193,0.010005585517593006,578
B,25,4,0.7199363955301457,0.005797673508567741,578
A_covs,25,4,0.7278907874220374,0.009266923110676714,578
A,25,8,0.7184682302494803,0.007512894722259124,578
B,25,8,0.7234544568607069,0.004169979789546204,578
A_covs,25,8,0.7370003248440749,0.006298458226001872,578
A,25,16,0.7232414890852391,0.005574397966898305,578
B,25,16,0.725460304054054,0.0028512290962445746,578
A_covs,25,16,0.7411393581081082,0.004655377468350345,578
A,25,32,0.7259665410602909,0.003787791940730993,578
B,25,32,0.7262945036382535,0.002068747219182189,578
A_covs,25,32,0.7437930093555093,0.0031567023828800067,578
A,25,64,0.7267679669585158,0.0024847352561326455,577
B,25,64,0.7261646602042944,0.0014791533574354493,577
A_covs,25,64,0.744218782572441,0.0022204790198482828,577
A,25,128,0.7309371786888331,0.001995742066129369,546
B,25,128,0.7309120530606924,0.0010896068431851444,546
A_covs,25,128,0.7425475359506467,0.0018501480714948216,546
A,25,all,0.7297427234927235,0.0,578
B,25,all,0.727027027027027,0.0,578
A_covs,25,all,0.7464656964656966,0.0,578
A,26,1,0.6725591216216216,0.015485726099266201,578
B,26,1,0.7130077962577963,0.010750553861920408,578
A_covs,26,1,0.6730984927234929,0.014152033140109568,578
A,26,2,0.6993536902286902,0.013262994488603604,578
B,26,2,0.7268180223492723,0.00803491940076449,578
A_covs,26,2,0.6948102910602911,0.01142595028627354,578
A,26,4,0.7161013513513513,0.00935649741043156,578
B,26,4,0.7337651377338876,0.006175020695127929,578
A_covs,26,4,0.7063185420997921,0.009035666862448007,578
A,26,8,0.7285693217255718,0.007910956794641629,578
B,26,8,0.7390110446985447,0.004354937854101712,578
A_covs,26,8,0.7158839007276506,0.007090316004859413,578
A,26,16,0.7345256626819128,0.005446616047923349,578
B,26,16,0.7404028716216218,0.0029286668029908113,578
A_covs,26,16,0.7206888643451143,0.005028450274941394,578
A,26,32,0.7380775727650728,0.004137065332690359,578
B,26,32,0.7415036382536383,0.0020324312089501917,578
A_covs,26,32,0.7229228170478171,0.003590411150183684,578
A,26,64,0.7385868120700436,0.002916067571814006,577
B,26,64,0.7413963154054618,0.0015159933552280286,577
A_covs,26,64,0.7228539972899728,0.0028033498233777858,577
A,26,128,0.7366040286401854,0.0020328378437019694,541
B,26,128,0.7411910633114472,0.0010850959928169381,541
A_covs,26,128,0.7208160521702963,0.0018112472908806466,541
A,26,all,0.7414371101871102,0.0,578
B,26,all,0.7425155925155926,0.0,578
A_covs,26,all,0.7253118503118503,0.0,578
A,27,1,0.6693765592515593,0.01640307135139741,578
B,27,1,0.7126388383575883,0.011324059721025969,578
A_covs,27,1,0.6792692957380457,0.01459910669494138,578
A,27,2,0.6946142151767151,0.012464738381976032,578
B,27,2,0.7246977650727651,0.007726547122848865,578
A_covs,27,2,0.7037830041580042,0.012370968013109966,578
A,27,4,0.7104720634095634,0.009777977125174213,578
B,27,4,0.7311062889812889,0.005733960140209031,578
A_covs,27,4,0.7192781314968815,0.009805548128022729,578
A,27,8,0.7216576143451143,0.00828162718389177,578
B,27,8,0.7341383835758835,0.004408293300348366,578
A_covs,27,8,0.7300727001039502,0.007651582845161895,578
A,27,16,0.7275075363825364,0.005218292138099501,578
B,27,16,0.7368024948024947,0.002836463093140454,578
A_covs,27,16,0.7359076143451143,0.004966489334408503,578
A,27,32,0.7301784693347194,0.0038832801210646056,578
B,27,32,0.7377911252598753,0.002258288008564395,578
A_covs,27,32,0.7382879417879417,0.0037903708766473376,578
A,27,64,0.7321956860706861,0.002551270076038678,578
B,27,64,0.7384756366943868,0.001407912911814943,578
A_covs,27,64,0.7400404106029106,0.0025457248974113528,578
A,27,128,0.7294331238989102,0.002140351502150263,530
B,27,128,0.7398486147705836,0.001169701380138817,530
A_covs,27,128,0.7320087775369888,0.0020475918586882382,530
A,27,all,0.7334459459459461,0.0,578
B,27,all,0.7393451143451144,0.0,578
A_covs,27,all,0.7419178794178793,0.0,578
A,28,1,0.6700389812889813,0.016191745375093713,578
B,28,1,0.7205764033264033,0.011327914782037969,578
A_covs,28,1,0.6782292749480251,0.016620135984638927,578
A,28,2,0.697647739085239,0.013373947631561281,578
B,28,2,0.7367481808731808,0.008165813925630656,578
A_covs,28,2,0.7032323934511434,0.011694931190943466,578
A,28,4,0.7162574064449064,0.00990568484355947,578
B,28,4,0.743616424116424,0.00591137693832838,578
A_covs,28,4,0.7175285862785862,0.009432336432178522,578
A,28,8,0.7280341086278587,0.008516533848914392,578
B,28,8,0.7478903326403327,0.004143845485066827,578
A_covs,28,8,0.7265485966735966,0.007216453902517591,578
A,28,16,0.734016956860707,0.005604316657425672,578
B,28,16,0.7502289501039502,0.0029393458799139233,578
A_covs,28,16,0.7310378768191268,0.005204281240727958,578
A,28,32,0.737425090956341,0.004067681053350197,578
B,28,32,0.7511808082120582,0.0023542360474530406,578
A_covs,28,32,0.7335422297297296,0.0037779106564501865,578
A,28,64,0.7375584932758846,0.0026265921936809225,577
B,28,64,0.7506737171954563,0.0014993695020026224,577
A_covs,28,64,0.7332241154197676,0.002557288308501962,577
A,28,128,0.7265859573142697,0.0022625298030751824,544
B,28,128,0.7405441763196535,0.0012156853080020952,544
A_covs,28,128,0.7229945270901621,0.00197225081701874,544
A,28,all,0.7404106029106028,0.0,578
B,28,all,0.7528196465696466,0.0,578
A_covs,28,all,0.7351871101871102,0.0,578
A,29,1,0.6812665670478171,0.015121327701394864,578
B,29,1,0.7312557172557174,0.010792380004805771,578
A_covs,29,1,0.6907650727650727,0.01575401149087908,578
A,29,2,0.712312175155925,0.01519831255342792,578
B,29,2,0.7484004028066528,0.008919086298889647,578
A_covs,29,2,0.7198072375259875,0.013343347551177243,578
A,29,4,0.7313555743243243,0.011765458261930728,578
B,29,4,0.7551342255717256,0.00646974364796298,578
A_covs,29,4,0.7364137214137214,0.010088524778744879,578
A,29,8,0.7432698154885654,0.007855447126527242,578
B,29,8,0.7606678144490644,0.004495603238026343,578
A_covs,29,8,0.7480587967775467,0.007240383689332342,578
A,29,16,0.7509448414760914,0.0056803878819560345,578
B,29,16,0.7632108238045737,0.003322673598275205,578
A_covs,29,16,0.7545951793139294,0.005587974369409589,578
A,29,32,0.7541763903326404,0.004276224161161997,578
B,29,32,0.7643180873180875,0.0022927362655286556,578
A_covs,29,32,0.7577921647609148,0.004388577150231448,578
A,29,64,0.7549785673337501,0.0028951013579246393,577
B,29,64,0.7642290103189494,0.0016849622208238713,577
A_covs,29,64,0.758677689180738,0.00267817477307412,577
A,29,128,0.7586228813559321,0.0021853574681901986,550
B,29,128,0.7696739882393635,0.0012259880485913286,550
A_covs,29,128,0.7608576184711172,0.0021638719256234906,550
A,29,all,0.7573674636174637,0.0,578
B,29,all,0.7653976091476091,0.0,578
A_covs,29,all,0.7612006237006237,0.0,578
