variant,config_id,max_features,min_samples_leaf,max_depth,class_weight,cv_auroc,cv_balanced_accuracy
all,0,sqrt,1,,,0.7002371609020304,0.5548942077515462
all,1,sqrt,1,,balanced_subsample,0.7075968124264356,0.5470273571594044
all,2,sqrt,1,12.0,,0.7039829459432265,0.5475442088045547
all,3,sqrt,1,12.0,balanced_subsample,0.7053103215887792,0.5899216561716825
all,4,sqrt,2,,,0.7052655687298612,0.5515289682623254
all,5,sqrt,2,,balanced_subsample,0.707957175316546,0.5638965524503506
all,6,sqrt,2,12.0,,0.7029638677702196,0.5470106845256899
all,7,sqrt,2,12.0,balanced_subsample,0.7056850170938371,0.5963248250250966
all,8,sqrt,5,,,0.7115087388000851,0.5510472168986795
all,9,sqrt,5,,balanced_subsample,0.716782263593754,0.5928656922828521
all,10,sqrt,5,12.0,,0.7105785813402223,0.5461068522769552
all,11,sqrt,5,12.0,balanced_subsample,0.7123783482743531,0.6159994103152707
all,12,sqrt,10,,,0.7133257633726222,0.5443597357650808
all,13,sqrt,10,,balanced_subsample,0.7148584756649747,0.6202588294758125
all,14,sqrt,10,12.0,,0.7139745335757594,0.5451257994089113
all,15,sqrt,10,12.0,balanced_subsample,0.7123397379646984,0.6304142184220317
all,16,0.2,1,,,0.698916220308087,0.5775470519273564
all,17,0.2,1,,balanced_subsample,0.7122010918527566,0.5639825481400361
all,18,0.2,1,12.0,,0.7077573962143177,0.5673653377700089
all,19,0.2,1,12.0,balanced_subsample,0.7135969130472426,0.5965143665452197
all,20,0.2,2,,,0.7042723770144637,0.5696889764055908
all,21,0.2,2,,balanced_subsample,0.7140742768757006,0.5741984850718503
all,22,0.2,2,12.0,,0.7078755671620487,0.5719099467177726
all,23,0.2,2,12.0,balanced_subsample,0.7149146361153815,0.5999998244985925
all,24,0.2,5,,,0.7158132033218906,0.5718581738025539
all,25,0.2,5,,balanced_subsample,0.719295443749459,0.5989591011519912
all,26,0.2,5,12.0,,0.7159688145698928,0.5676408749798174
all,27,0.2,5,12.0,balanced_subsample,0.7201235178906135,0.6032264178758714
all,28,0.2,10,,,0.7185995806686369,0.5682349472442769
all,29,0.2,10,,balanced_subsample,0.723132489522566,0.6199402944211612
all,30,0.2,10,12.0,,0.7195317856449208,0.5669265842512057
all,31,0.2,10,12.0,balanced_subsample,0.7219203598012855,0.6263434632745755
all,32,0.4,1,,,0.6964688531802025,0.5799742363933759
all,33,0.4,1,,balanced_subsample,0.7127126784556812,0.5661166452554949
all,34,0.4,1,12.0,,0.7044611872787219,0.5755331732760497
all,35,0.4,1,12.0,balanced_subsample,0.7154118901033586,0.5989757737857058
all,36,0.4,2,,,0.7068500539374325,0.5743538038175067
all,37,0.4,2,,balanced_subsample,0.71732631795707,0.5751189899542994
all,38,0.4,2,12.0,,0.7090496715783661,0.5710745600179714
all,39,0.4,2,12.0,balanced_subsample,0.716454660966381,0.59639327057403
all,40,0.4,5,,,0.7144053895312239,0.5768845341139636
all,41,0.4,5,,balanced_subsample,0.720800075816608,0.5954815407619569
all,42,0.4,5,12.0,,0.7133216683397802,0.5741475896636691
all,43,0.4,5,12.0,balanced_subsample,0.7200457122666124,0.6086573089316176
all,44,0.4,10,,,0.7215912946621832,0.5707218021888535
all,45,0.4,10,,balanced_subsample,0.7238538003074785,0.6201640587157509
all,46,0.4,10,12.0,,0.7202057110498026,0.5725294666863228
all,47,0.4,10,12.0,balanced_subsample,0.7230195836170605,0.6240364972727082
