comparison,metric,draw_id,delta
rec-demo,auroc,0,0.13193835175761837
rec-demo,auroc,1,0.08878750658010182
rec-demo,auroc,2,0.04532958998654735
rec-demo,auroc,3,0.04443762063519918
rec-demo,auroc,4,0.09969585307363871
rec-demo,auroc,5,0.14723343276598244
rec-demo,auroc,6,0.12872141311341168
rec-demo,auroc,7,0.12553371936597058
rec-demo,auroc,8,0.08270456805287474
rec-demo,auroc,9,0.04961396736269519
rec-demo,auroc,10,0.059074691466339146
rec-demo,auroc,11,0.12753699479440828
rec-demo,auroc,12,0.026642100953383707
rec-demo,auroc,13,0.09833596537404221
rec-demo,auroc,14,0.15912148330116405
rec-demo,auroc,15,0.08331871088495058
rec-demo,auroc,16,0.03234485582265878
rec-demo,auroc,17,0.06974907878575198
rec-demo,auroc,18,0.026101070363221623
rec-demo,auroc,19,0.052918640697198205
rec-demo,auroc,20,0.13398549453120445
rec-demo,auroc,21,0.07761595601567528
rec-demo,auroc,22,0.08061355793414049
rec-demo,auroc,23,0.02912791717845231
rec-demo,auroc,24,0.05759782417968051
rec-demo,auroc,25,0.0425513247938234
rec-demo,auroc,26,0.025574662221442335
rec-demo,auroc,27,0.07467684389074114
rec-demo,auroc,28,0.08902146575422587
rec-demo,auroc,29,0.10085102649587663
rec-demo,auroc,30,0.08141779259519222
rec-demo,auroc,31,0.07786453763818213
rec-demo,auroc,32,0.13465812715681114
rec-demo,auroc,33,0.09620108791015969
rec-demo,auroc,34,0.08888986371878105
rec-demo,auroc,35,0.08638942504532954
rec-demo,auroc,36,0.12546060712405682
rec-demo,auroc,37,0.08485406796513995
rec-demo,auroc,38,0.09506053693630456
rec-demo,auroc,39,0.09475346552026687
rec-demo,auroc,40,0.10558869977188967
rec-demo,auroc,41,0.0080569690588993
rec-demo,auroc,42,0.23362285781131192
rec-demo,auroc,43,0.10022226121541777
rec-demo,auroc,44,0.04136690647482011
rec-demo,auroc,45,0.10133356729250742
rec-demo,auroc,46,0.044759314499619784
rec-demo,auroc,47,0.022752529683570333
rec-demo,auroc,48,0.0438965900450371
rec-demo,auroc,49,0.08554132303912965
rec-demo,auroc,50,0.03965608001403753
rec-demo,auroc,51,0.041323039129671835
rec-demo,auroc,52,0.09296952681757042
rec-demo,auroc,53,0.06082938527227
rec-demo,auroc,54,0.054570977364450046
rec-demo,auroc,55,0.07947300696028525
rec-demo,auroc,56,0.07450137451014804
rec-demo,auroc,57,0.08064280283090597
rec-demo,auroc,58,0.05881148739544939
rec-demo,auroc,59,0.036702345440720596
rec-demo,auroc,60,0.06796514008305543
rec-demo,auroc,61,0.08466397613616417
rec-demo,auroc,62,0.027738784582090337
rec-demo,auroc,63,0.027051529508100747
rec-demo,auroc,64,0.15511493244428853
rec-demo,auroc,65,0.07397496636836876
rec-demo,auroc,66,0.04089898812657189
rec-demo,auroc,67,0.07746973153184766
rec-demo,auroc,68,0.11180324033456168
rec-demo,auroc,69,0.13803591273322802
rec-demo,auroc,70,0.10997543428671697
rec-demo,auroc,71,0.020178978768204958
rec-demo,auroc,72,0.12187810727028148
rec-demo,auroc,73,0.046630987892612774
rec-demo,auroc,74,0.0815932619757852
rec-demo,auroc,75,0.08495642510381951
rec-demo,auroc,76,0.02487278469907006
rec-demo,auroc,77,0.11064806691232376
rec-demo,auroc,78,0.15056735099725094
rec-demo,auroc,79,0.07242498683979648
rec-demo,auroc,80,0.0982043633385975
rec-demo,auroc,81,0.01715213195297438
rec-demo,auroc,82,0.01786863192372945
rec-demo,auroc,83,0.0894893841024742
rec-demo,auroc,84,0.018672866584781067
rec-demo,auroc,85,0.13378078025384554
rec-demo,auroc,86,0.08054044569222674
rec-demo,auroc,87,0.09120021056325667
rec-demo,auroc,88,0.05932327308884611
rec-demo,auroc,89,0.08071591507281983
rec-demo,auroc,90,0.09288179212727365
rec-demo,auroc,91,0.15762999356612273
rec-demo,auroc,92,0.058094987424694544
rec-demo,auroc,93,0.14770135111423055
rec-demo,auroc,94,0.05495116102240161
rec-demo,auroc,95,0.1451278001988654
rec-demo,auroc,96,0.1312072293384804
rec-demo,auroc,97,0.045563549160671624
rec-demo,auroc,98,0.07317073170731714
rec-demo,auroc,99,0.09479733286541514
rec-demo,balanced_accuracy,0,0.09668362870679059
rec-demo,balanced_accuracy,1,0.10481371000760376
rec-demo,balanced_accuracy,2,0.06008364040474934
rec-demo,balanced_accuracy,3,0.06368076270690759
rec-demo,balanced_accuracy,4,0.1082499853775517
rec-demo,balanced_accuracy,5,0.11810551558752991
rec-demo,balanced_accuracy,6,0.15344797332865412
rec-demo,balanced_accuracy,7,0.14625372872433762
rec-demo,balanced_accuracy,8,0.09495817979762533
rec-demo,balanced_accuracy,9,0.07885886412820964
rec-demo,balanced_accuracy,10,0.08073053752120263
rec-demo,balanced_accuracy,11,0.14422120839913433
rec-demo,balanced_accuracy,12,0.09042522079897053
rec-demo,balanced_accuracy,13,0.11607299526232673
rec-demo,balanced_accuracy,14,0.11404047493712355
rec-demo,balanced_accuracy,15,0.12467099491138811
rec-demo,balanced_accuracy,16,0.08182722114990937
rec-demo,balanced_accuracy,17,0.13312277007662165
rec-demo,balanced_accuracy,18,0.08995730245072237
rec-demo,balanced_accuracy,19,0.096844475639001
rec-demo,balanced_accuracy,20,0.15125460607124053
rec-demo,balanced_accuracy,21,0.09402234310112889
rec-demo,balanced_accuracy,22,0.14422120839913433
rec-demo,balanced_accuracy,23,0.0894893841024742
rec-demo,balanced_accuracy,24,0.13952740246826933
rec-demo,balanced_accuracy,25,0.10011990407673865
rec-demo,balanced_accuracy,26,0.07650464993858574
rec-demo,balanced_accuracy,27,0.11263671989237878
rec-demo,balanced_accuracy,28,0.1504796163069544
rec-demo,balanced_accuracy,29,0.10481371000760364
rec-demo,balanced_accuracy,30,0.12812189272971863
rec-demo,balanced_accuracy,31,0.10762122009709307
rec-demo,balanced_accuracy,32,0.10934666900625845
rec-demo,balanced_accuracy,33,0.1176375972392818
rec-demo,balanced_accuracy,34,0.10294203661461088
rec-demo,balanced_accuracy,35,0.07963385389249589
rec-demo,balanced_accuracy,36,0.11638006667836465
rec-demo,balanced_accuracy,37,0.10715330174884485
rec-demo,balanced_accuracy,38,0.11576592384628881
rec-demo,balanced_accuracy,39,0.11200795461192015
rec-demo,balanced_accuracy,40,0.140931157513014
rec-demo,balanced_accuracy,41,0.07416505819734454
rec-demo,balanced_accuracy,42,0.1759665438381003
rec-demo,balanced_accuracy,43,0.1109112709832134
rec-demo,balanced_accuracy,44,0.13859156577177278
rec-demo,balanced_accuracy,45,0.08589226180031584
rec-demo,balanced_accuracy,46,0.0872960168450605
rec-demo,balanced_accuracy,47,0.07853717026378904
rec-demo,balanced_accuracy,48,0.06384160963911789
rec-demo,balanced_accuracy,49,0.13076855588699776
rec-demo,balanced_accuracy,50,0.11404047493712355
rec-demo,balanced_accuracy,51,0.0780692519155407
rec-demo,balanced_accuracy,52,0.12576767854009474
rec-demo,balanced_accuracy,53,0.1135725565888751
rec-demo,balanced_accuracy,54,0.07197169093993105
rec-demo,balanced_accuracy,55,0.12560683160788444
rec-demo,balanced_accuracy,56,0.10903959759022058
rec-demo,balanced_accuracy,57,0.1082499853775517
rec-demo,balanced_accuracy,58,0.09511902672983563
rec-demo,balanced_accuracy,59,0.10887875065801023
rec-demo,balanced_accuracy,60,0.08229513949815759
rec-demo,balanced_accuracy,61,0.09089313914721886
rec-demo,balanced_accuracy,62,0.0777621804995029
rec-demo,balanced_accuracy,63,0.07526174182605128
rec-demo,balanced_accuracy,64,0.1057495467041002
rec-demo,balanced_accuracy,65,0.10887875065801023
rec-demo,balanced_accuracy,66,0.09574779201029421
rec-demo,balanced_accuracy,67,0.11826636251974032
rec-demo,balanced_accuracy,68,0.12123471954143994
rec-demo,balanced_accuracy,69,0.13109024975141836
rec-demo,balanced_accuracy,70,0.1104433526349653
rec-demo,balanced_accuracy,71,0.11247587296016837
rec-demo,balanced_accuracy,72,0.1528192080481956
rec-demo,balanced_accuracy,73,0.0510177224074399
rec-demo,balanced_accuracy,74,0.09855530209978358
rec-demo,balanced_accuracy,75,0.09042522079897053
rec-demo,balanced_accuracy,76,0.08119845586945074
rec-demo,balanced_accuracy,77,0.11810551558753002
rec-demo,balanced_accuracy,78,0.13013979060653913
rec-demo,balanced_accuracy,79,0.10621746505234841
rec-demo,balanced_accuracy,80,0.11247587296016848
rec-demo,balanced_accuracy,81,0.08323097619465403
rec-demo,balanced_accuracy,82,0.0851026495876469
rec-demo,balanced_accuracy,83,0.0990232204480318
rec-demo,balanced_accuracy,84,0.06884248698602091
rec-demo,balanced_accuracy,85,0.129364800842253
rec-demo,balanced_accuracy,86,0.12623559688834307
rec-demo,balanced_accuracy,87,0.11513715856583023
rec-demo,balanced_accuracy,88,0.12826811721354636
rec-demo,balanced_accuracy,89,0.10324910803064868
rec-demo,balanced_accuracy,90,0.1107504240510031
rec-demo,balanced_accuracy,91,0.15844885067555714
rec-demo,balanced_accuracy,92,0.11012165877054458
rec-demo,balanced_accuracy,93,0.13859156577177278
rec-demo,balanced_accuracy,94,0.12546060712405682
rec-demo,balanced_accuracy,95,0.15907761595601572
rec-demo,balanced_accuracy,96,0.1274931274492601
rec-demo,balanced_accuracy,97,0.09198982277592571
rec-demo,balanced_accuracy,98,0.10215242440194183
rec-demo,balanced_accuracy,99,0.11983096449669528
rec-demo,accuracy,0,0.01558441558441559
rec-demo,accuracy,1,0.025974025974025983
rec-demo,accuracy,2,-0.0051948051948051965
rec-demo,accuracy,3,-0.0025974025974025983
rec-demo,accuracy,4,0.036363636363636376
rec-demo,accuracy,5,0.038961038961038974
rec-demo,accuracy,6,0.07012987012987015
rec-demo,accuracy,7,0.06493506493506496
rec-demo,accuracy,8,0.023376623376623384
rec-demo,accuracy,9,-0.0051948051948051965
rec-demo,accuracy,10,0.0051948051948051965
rec-demo,accuracy,11,0.06233766233766236
rec-demo,accuracy,12,0.01558441558441559
rec-demo,accuracy,13,0.036363636363636376
rec-demo,accuracy,14,0.03376623376623378
rec-demo,accuracy,15,0.04935064935064937
rec-demo,accuracy,16,0.0025974025974025983
rec-demo,accuracy,17,0.04415584415584417
rec-demo,accuracy,18,0.012987012987012991
rec-demo,accuracy,19,0.007792207792207795
rec-demo,accuracy,20,0.07532467532467535
rec-demo,accuracy,21,0.018181818181818188
rec-demo,accuracy,22,0.06233766233766236
rec-demo,accuracy,23,0.010389610389610393
rec-demo,accuracy,24,0.06233766233766236
rec-demo,accuracy,25,0.025974025974025983
rec-demo,accuracy,26,0.007792207792207795
rec-demo,accuracy,27,0.025974025974025983
rec-demo,accuracy,28,0.06233766233766236
rec-demo,accuracy,29,0.025974025974025983
rec-demo,accuracy,30,0.03376623376623378
rec-demo,accuracy,31,0.04155844155844157
rec-demo,accuracy,32,0.03376623376623378
rec-demo,accuracy,33,0.036363636363636376
rec-demo,accuracy,34,0.01558441558441559
rec-demo,accuracy,35,0.007792207792207795
rec-demo,accuracy,36,0.04675324675324677
rec-demo,accuracy,37,0.038961038961038974
rec-demo,accuracy,38,0.025974025974025983
rec-demo,accuracy,39,0.03116883116883118
rec-demo,accuracy,40,0.07012987012987015
rec-demo,accuracy,41,-0.0051948051948051965
rec-demo,accuracy,42,0.09090909090909094
rec-demo,accuracy,43,0.03376623376623378
rec-demo,accuracy,44,0.05714285714285716
rec-demo,accuracy,45,0.007792207792207795
rec-demo,accuracy,46,0.01558441558441559
rec-demo,accuracy,47,0.010389610389610393
rec-demo,accuracy,48,-0.010389610389610393
rec-demo,accuracy,49,0.05714285714285716
rec-demo,accuracy,50,0.03376623376623378
rec-demo,accuracy,51,0.007792207792207795
rec-demo,accuracy,52,0.04675324675324677
rec-demo,accuracy,53,0.03116883116883118
rec-demo,accuracy,54,0.0
rec-demo,accuracy,55,0.054545454545454564
rec-demo,accuracy,56,0.023376623376623384
rec-demo,accuracy,57,0.036363636363636376
rec-demo,accuracy,58,0.01558441558441559
rec-demo,accuracy,59,0.03116883116883118
rec-demo,accuracy,60,0.0051948051948051965
rec-demo,accuracy,61,0.018181818181818188
rec-demo,accuracy,62,-0.0025974025974025983
rec-demo,accuracy,63,-0.007792207792207795
rec-demo,accuracy,64,0.03116883116883118
rec-demo,accuracy,65,0.03116883116883118
rec-demo,accuracy,66,0.010389610389610393
rec-demo,accuracy,67,0.03116883116883118
rec-demo,accuracy,68,0.038961038961038974
rec-demo,accuracy,69,0.04155844155844157
rec-demo,accuracy,70,0.03116883116883118
rec-demo,accuracy,71,0.03376623376623378
rec-demo,accuracy,72,0.07532467532467535
rec-demo,accuracy,73,-0.020779220779220786
rec-demo,accuracy,74,0.025974025974025983
rec-demo,accuracy,75,0.01558441558441559
rec-demo,accuracy,76,0.007792207792207795
rec-demo,accuracy,77,0.038961038961038974
rec-demo,accuracy,78,0.06233766233766236
rec-demo,accuracy,79,0.03376623376623378
rec-demo,accuracy,80,0.03376623376623378
rec-demo,accuracy,81,0.010389610389610393
rec-demo,accuracy,82,0.020779220779220786
rec-demo,accuracy,83,0.02857142857142858
rec-demo,accuracy,84,0.0
rec-demo,accuracy,85,0.04935064935064937
rec-demo,accuracy,86,0.04935064935064937
rec-demo,accuracy,87,0.03116883116883118
rec-demo,accuracy,88,0.051948051948051965
rec-demo,accuracy,89,0.025974025974025983
rec-demo,accuracy,90,0.04155844155844157
rec-demo,accuracy,91,0.08051948051948055
rec-demo,accuracy,92,0.04675324675324677
rec-demo,accuracy,93,0.05714285714285716
rec-demo,accuracy,94,0.036363636363636376
rec-demo,accuracy,95,0.07532467532467535
rec-demo,accuracy,96,0.038961038961038974
rec-demo,accuracy,97,0.01558441558441559
rec-demo,accuracy,98,0.02857142857142858
rec-demo,accuracy,99,0.03116883116883118
win-rec,auroc,0,0.02406855003801822
win-rec,auroc,1,0.013452652512136454
win-rec,auroc,2,0.03330993741592103
win-rec,auroc,3,0.05486342633210517
win-rec,auroc,4,0.02415628472831477
win-rec,auroc,5,0.011244662806340178
win-rec,auroc,6,0.045139498157571456
win-rec,auroc,7,0.05468795695151174
win-rec,auroc,8,0.0571006609346667
win-rec,auroc,9,0.04489091653506461
win-rec,auroc,10,0.0060536936304614875
win-rec,auroc,11,0.03502076387670361
win-rec,auroc,12,0.035415569983037964
win-rec,auroc,13,0.03487453939287599
win-rec,auroc,14,0.03171609054220026
win-rec,auroc,15,0.03642451892144816
win-rec,auroc,16,0.06410481371000776
win-rec,auroc,17,0.04990641633035042
win-rec,auroc,18,0.03911504942387556
win-rec,auroc,19,-0.0009797040416447134
win-rec,auroc,20,0.027826519272386885
win-rec,auroc,21,0.036102825057027554
win-rec,auroc,22,0.020266713458501506
win-rec,auroc,23,0.03610282505702744
win-rec,auroc,24,0.06430952798736622
win-rec,auroc,25,0.03361700883195895
win-rec,auroc,26,0.0712259460724104
win-rec,auroc,27,0.052787038661753494
win-rec,auroc,28,0.010089489384102479
win-rec,auroc,29,0.04645551851201957
win-rec,auroc,30,0.02102708077440474
win-rec,auroc,31,0.05622331403170133
win-rec,auroc,32,0.016011580979119033
win-rec,auroc,33,0.0402117330525823
win-rec,auroc,34,0.04372112066444411
win-rec,auroc,35,0.064499619816342
win-rec,auroc,36,0.002105632567117044
win-rec,auroc,37,0.055916242615663636
win-rec,auroc,38,0.06230625255892863
win-rec,auroc,39,0.0355179271217172
win-rec,auroc,40,0.023264315376966826
win-rec,auroc,41,0.05743697724747021
win-rec,auroc,42,0.012940866818740071
win-rec,auroc,43,0.021319529742060084
win-rec,auroc,44,0.047786161314850584
win-rec,auroc,45,0.027972743756214502
win-rec,auroc,46,0.025443060185997624
win-rec,auroc,47,0.030692519155407272
win-rec,auroc,48,0.0032900508861204436
win-rec,auroc,49,0.03430426390594843
win-rec,auroc,50,0.014081417792595197
win-rec,auroc,51,0.07186933380125171
win-rec,auroc,52,0.04534421243493003
win-rec,auroc,53,0.03858864128209627
win-rec,auroc,54,-0.008232438439492507
win-rec,auroc,55,0.03445048838977616
win-rec,auroc,56,0.04161548809732696
win-rec,auroc,57,0.00799847926536823
win-rec,auroc,58,0.029230274317131766
win-rec,auroc,59,0.04914604901444697
win-rec,auroc,60,0.005600397730596174
win-rec,auroc,61,0.04806398783412302
win-rec,auroc,62,0.053196467216470755
win-rec,auroc,63,0.05699830379598758
win-rec,auroc,64,-0.006141428320758147
win-rec,auroc,65,0.059849681230625174
win-rec,auroc,66,0.033456161899748316
win-rec,auroc,67,0.029288764110662724
win-rec,auroc,68,0.0283090600690179
win-rec,auroc,69,0.045358834883312826
win-rec,auroc,70,0.03893958004328246
win-rec,auroc,71,0.05103234485582275
win-rec,auroc,72,0.016260162601625994
win-rec,auroc,73,0.061633619933321615
win-rec,auroc,74,0.02455109083464957
win-rec,auroc,75,0.0370240393051412
win-rec,auroc,76,0.04452535532549562
win-rec,auroc,77,0.01874597882669471
win-rec,auroc,78,0.022079897057963316
win-rec,auroc,79,0.011200795461192015
win-rec,auroc,80,0.04005088612037211
win-rec,auroc,81,0.027080774404866226
win-rec,auroc,82,0.01987190735216693
win-rec,auroc,83,0.04002164122360652
win-rec,auroc,84,0.06112183423992501
win-rec,auroc,85,0.05073989588816763
win-rec,auroc,86,0.021012458326022165
win-rec,auroc,87,0.013423407615371197
win-rec,auroc,88,0.05183657951687426
win-rec,auroc,89,0.05370825290986725
win-rec,auroc,90,0.022255366438556523
win-rec,auroc,91,0.06691232379949696
win-rec,auroc,92,-0.014169152482891967
win-rec,auroc,93,-4.386734514827406e-05
win-rec,auroc,94,0.06697081359302803
win-rec,auroc,95,0.002880622331402849
win-rec,auroc,96,0.02355676434462195
win-rec,auroc,97,0.04413054921916115
win-rec,auroc,98,0.045636661402585266
win-rec,auroc,99,0.03746271275662372
win-rec,balanced_accuracy,0,0.024858162250687266
win-rec,balanced_accuracy,1,0.015485172837339856
win-rec,balanced_accuracy,2,0.04050418202023742
win-rec,balanced_accuracy,3,0.050038018365795245
win-rec,balanced_accuracy,4,0.045665906299350745
win-rec,balanced_accuracy,5,0.016421009533836406
win-rec,balanced_accuracy,6,0.03361700883195884
win-rec,balanced_accuracy,7,-0.011580979119143686
win-rec,balanced_accuracy,8,0.03064865181025911
win-rec,balanced_accuracy,9,0.030019886529800588
win-rec,balanced_accuracy,10,-0.0037579692343686633
win-rec,balanced_accuracy,11,0.047069661344095404
win-rec,balanced_accuracy,12,0.001403755044744659
win-rec,balanced_accuracy,13,0.016728080949874213
win-rec,balanced_accuracy,14,0.0039041937181961694
win-rec,balanced_accuracy,15,0.0060975609756096505
win-rec,balanced_accuracy,16,0.015324325905129554
win-rec,balanced_accuracy,17,0.021889805228987536
win-rec,balanced_accuracy,18,0.025486927531145787
win-rec,balanced_accuracy,19,0.026422764227642226
win-rec,balanced_accuracy,20,0.019550213487746437
win-rec,balanced_accuracy,21,0.04081125343627534
win-rec,balanced_accuracy,22,-0.007033397672106201
win-rec,balanced_accuracy,23,0.008597999649061161
win-rec,balanced_accuracy,24,0.029084049833304038
win-rec,balanced_accuracy,25,-0.010952213838685165
win-rec,balanced_accuracy,26,0.04644089606363688
win-rec,balanced_accuracy,27,0.025486927531145787
win-rec,balanced_accuracy,28,-0.007823009884775023
win-rec,balanced_accuracy,29,0.03205240685500388
win-rec,balanced_accuracy,30,0.027358600924138776
win-rec,balanced_accuracy,31,0.007662162952564722
win-rec,balanced_accuracy,32,0.006565479323857981
win-rec,balanced_accuracy,33,0.06599110955138332
win-rec,balanced_accuracy,34,0.005775867111189048
win-rec,balanced_accuracy,35,0.04440837573843348
win-rec,balanced_accuracy,36,0.03893958004328246
win-rec,balanced_accuracy,37,0.021582733812949617
win-rec,balanced_accuracy,38,0.03581037608937232
win-rec,balanced_accuracy,39,0.04034333508802723
win-rec,balanced_accuracy,40,-0.008130081300813052
win-rec,balanced_accuracy,41,0.0398754167397789
win-rec,balanced_accuracy,42,-0.015017254489091636
win-rec,balanced_accuracy,43,0.018921448207287805
win-rec,balanced_accuracy,44,0.014388489208633115
win-rec,balanced_accuracy,45,0.022050652161197837
win-rec,balanced_accuracy,46,0.010162601626016232
win-rec,balanced_accuracy,47,0.022986488857694387
win-rec,balanced_accuracy,48,0.006565479323858092
win-rec,balanced_accuracy,49,0.008130081300812941
win-rec,balanced_accuracy,50,0.028455284552845406
win-rec,balanced_accuracy,51,0.055199742644908456
win-rec,balanced_accuracy,52,0.021582733812949617
win-rec,balanced_accuracy,53,0.03268117213546251
win-rec,balanced_accuracy,54,0.022357723577235755
win-rec,balanced_accuracy,55,0.008597999649061272
win-rec,balanced_accuracy,56,0.005936714043399349
win-rec,balanced_accuracy,57,0.009065917997309492
win-rec,balanced_accuracy,58,0.017356846230332734
win-rec,balanced_accuracy,59,-0.0006287652804585209
win-rec,balanced_accuracy,60,0.00296835702169973
win-rec,balanced_accuracy,61,0.03424577411241736
win-rec,balanced_accuracy,62,0.026583611159852638
win-rec,balanced_accuracy,63,0.03690705971807928
win-rec,balanced_accuracy,64,0.03064865181025911
win-rec,balanced_accuracy,65,0.0351816108089138
win-rec,balanced_accuracy,66,0.028923202901093736
win-rec,balanced_accuracy,67,0.00593671404339946
win-rec,balanced_accuracy,68,0.006565479323858092
win-rec,balanced_accuracy,69,0.03831081476282394
win-rec,balanced_accuracy,70,0.01000175469380582
win-rec,balanced_accuracy,71,0.03611744750541035
win-rec,balanced_accuracy,72,-0.0031292039539100314
win-rec,balanced_accuracy,73,0.06645902789963154
win-rec,balanced_accuracy,74,0.018292682926829285
win-rec,balanced_accuracy,75,0.024858162250687266
win-rec,balanced_accuracy,76,0.0373749780663275
win-rec,balanced_accuracy,77,0.012823887231678044
win-rec,balanced_accuracy,78,0.03940749839153068
win-rec,balanced_accuracy,79,0.03408492718020706
win-rec,balanced_accuracy,80,0.018292682926829285
win-rec,balanced_accuracy,81,0.030487804878048808
win-rec,balanced_accuracy,82,-0.008758846581271573
win-rec,balanced_accuracy,83,0.016888927882084515
win-rec,balanced_accuracy,84,0.014227642276422814
win-rec,balanced_accuracy,85,0.06082938527227011
win-rec,balanced_accuracy,86,-0.003597122302158362
win-rec,balanced_accuracy,87,0.020325203252032575
win-rec,balanced_accuracy,88,0.007662162952564722
win-rec,balanced_accuracy,89,0.03158448850675555
win-rec,balanced_accuracy,90,0.012823887231678044
win-rec,balanced_accuracy,91,0.052231385623208726
win-rec,balanced_accuracy,92,0.002193367257413592
win-rec,balanced_accuracy,93,-0.020018131835994546
win-rec,balanced_accuracy,94,0.04237585541323041
win-rec,balanced_accuracy,95,-0.014388489208633226
win-rec,balanced_accuracy,96,0.016099315669415692
win-rec,balanced_accuracy,97,0.03831081476282383
win-rec,balanced_accuracy,98,0.040504182020237534
win-rec,balanced_accuracy,99,0.0006141428320758369
win-rec,accuracy,0,0.03376623376623378
win-rec,accuracy,1,0.007792207792207795
win-rec,accuracy,2,0.03376623376623378
win-rec,accuracy,3,0.051948051948051965
win-rec,accuracy,4,0.036363636363636376
win-rec,accuracy,5,0.012987012987012991
win-rec,accuracy,6,0.038961038961038974
win-rec,accuracy,7,0.0051948051948051965
win-rec,accuracy,8,0.03116883116883118
win-rec,accuracy,9,0.036363636363636376
win-rec,accuracy,10,0.0051948051948051965
win-rec,accuracy,11,0.04415584415584417
win-rec,accuracy,12,0.007792207792207795
win-rec,accuracy,13,0.023376623376623384
win-rec,accuracy,14,0.012987012987012991
win-rec,accuracy,15,0.007792207792207795
win-rec,accuracy,16,0.01558441558441559
win-rec,accuracy,17,0.025974025974025983
win-rec,accuracy,18,0.02857142857142858
win-rec,accuracy,19,0.03376623376623378
win-rec,accuracy,20,0.012987012987012991
win-rec,accuracy,21,0.04415584415584417
win-rec,accuracy,22,-0.012987012987012991
win-rec,accuracy,23,0.012987012987012991
win-rec,accuracy,24,0.03116883116883118
win-rec,accuracy,25,0.0
win-rec,accuracy,26,0.04935064935064937
win-rec,accuracy,27,0.02857142857142858
win-rec,accuracy,28,0.0
win-rec,accuracy,29,0.038961038961038974
win-rec,accuracy,30,0.038961038961038974
win-rec,accuracy,31,0.007792207792207795
win-rec,accuracy,32,0.010389610389610393
win-rec,accuracy,33,0.06233766233766236
win-rec,accuracy,34,0.023376623376623384
win-rec,accuracy,35,0.04675324675324677
win-rec,accuracy,36,0.03376623376623378
win-rec,accuracy,37,0.01558441558441559
win-rec,accuracy,38,0.03376623376623378
win-rec,accuracy,39,0.04155844155844157
win-rec,accuracy,40,-0.010389610389610393
win-rec,accuracy,41,0.038961038961038974
win-rec,accuracy,42,-0.0051948051948051965
win-rec,accuracy,43,0.018181818181818188
win-rec,accuracy,44,0.010389610389610393
win-rec,accuracy,45,0.018181818181818188
win-rec,accuracy,46,0.012987012987012991
win-rec,accuracy,47,0.023376623376623384
win-rec,accuracy,48,0.010389610389610393
win-rec,accuracy,49,0.010389610389610393
win-rec,accuracy,50,0.036363636363636376
win-rec,accuracy,51,0.054545454545454564
win-rec,accuracy,52,0.01558441558441559
win-rec,accuracy,53,0.03376623376623378
win-rec,accuracy,54,0.02857142857142858
win-rec,accuracy,55,0.012987012987012991
win-rec,accuracy,56,0.01558441558441559
win-rec,accuracy,57,0.01558441558441559
win-rec,accuracy,58,0.018181818181818188
win-rec,accuracy,59,0.0051948051948051965
win-rec,accuracy,60,0.007792207792207795
win-rec,accuracy,61,0.03376623376623378
win-rec,accuracy,62,0.025974025974025983
win-rec,accuracy,63,0.03116883116883118
win-rec,accuracy,64,0.03116883116883118
win-rec,accuracy,65,0.038961038961038974
win-rec,accuracy,66,0.038961038961038974
win-rec,accuracy,67,0.01558441558441559
win-rec,accuracy,68,0.010389610389610393
win-rec,accuracy,69,0.038961038961038974
win-rec,accuracy,70,0.020779220779220786
win-rec,accuracy,71,0.04415584415584417
win-rec,accuracy,72,0.0
win-rec,accuracy,73,0.06493506493506496
win-rec,accuracy,74,0.023376623376623384
win-rec,accuracy,75,0.03376623376623378
win-rec,accuracy,76,0.03376623376623378
win-rec,accuracy,77,0.010389610389610393
win-rec,accuracy,78,0.036363636363636376
win-rec,accuracy,79,0.04155844155844157
win-rec,accuracy,80,0.023376623376623384
win-rec,accuracy,81,0.038961038961038974
win-rec,accuracy,82,-0.0051948051948051965
win-rec,accuracy,83,0.01558441558441559
win-rec,accuracy,84,0.018181818181818188
win-rec,accuracy,85,0.05974025974025976
win-rec,accuracy,86,-0.0025974025974025983
win-rec,accuracy,87,0.025974025974025983
win-rec,accuracy,88,0.007792207792207795
win-rec,accuracy,89,0.036363636363636376
win-rec,accuracy,90,0.010389610389610393
win-rec,accuracy,91,0.04675324675324677
win-rec,accuracy,92,-0.0051948051948051965
win-rec,accuracy,93,-0.01558441558441559
win-rec,accuracy,94,0.04415584415584417
win-rec,accuracy,95,-0.010389610389610393
win-rec,accuracy,96,0.02857142857142858
win-rec,accuracy,97,0.038961038961038974
win-rec,accuracy,98,0.03376623376623378
win-rec,accuracy,99,0.020779220779220786
roll_win-roll_rec,auroc,0,0.03556179446686558
roll_win-roll_rec,auroc,1,0.09837983271919037
roll_win-roll_rec,auroc,2,0.041556998303796
roll_win-roll_rec,auroc,3,0.08883137392525009
roll_win-roll_rec,auroc,4,0.044013569632099125
roll_win-roll_rec,auroc,5,0.037755161724279174
roll_win-roll_rec,auroc,6,0.0038310814762823053
roll_win-roll_rec,auroc,7,0.0342019067672692
roll_win-roll_rec,auroc,8,0.08154939463063682
roll_win-roll_rec,auroc,9,0.06014213019828041
roll_win-roll_rec,auroc,10,0.03086798853600059
roll_win-roll_rec,auroc,11,0.04546119202199217
roll_win-roll_rec,auroc,12,0.01612856056618106
roll_win-roll_rec,auroc,13,0.019491723694215368
roll_win-roll_rec,auroc,14,0.06713166052523833
roll_win-roll_rec,auroc,15,0.0507545183365502
roll_win-roll_rec,auroc,16,0.04133766157805452
roll_win-roll_rec,auroc,17,0.05375212025501552
roll_win-roll_rec,auroc,18,0.06309586477159734
roll_win-roll_rec,auroc,19,0.028820845762414504
roll_win-roll_rec,auroc,20,0.09957887348657657
roll_win-roll_rec,auroc,21,0.04179095747791994
roll_win-roll_rec,auroc,22,0.10582265894601406
roll_win-roll_rec,auroc,23,0.01206351991577459
roll_win-roll_rec,auroc,24,0.0315259987132247
roll_win-roll_rec,auroc,25,0.04097210036848564
roll_win-roll_rec,auroc,26,0.09972509797040419
roll_win-roll_rec,auroc,27,0.05144177341053979
roll_win-roll_rec,auroc,28,0.0571445282798152
roll_win-roll_rec,auroc,29,0.06011288530151493
roll_win-roll_rec,auroc,30,0.0301514885652453
roll_win-roll_rec,auroc,31,0.10835234251623105
roll_win-roll_rec,auroc,32,0.03572264139907588
roll_win-roll_rec,auroc,33,0.1121103117505996
roll_win-roll_rec,auroc,34,0.05438088553547382
roll_win-roll_rec,auroc,35,0.05961572205650123
roll_win-roll_rec,auroc,36,0.06242323214599055
roll_win-roll_rec,auroc,37,0.030063753874948862
roll_win-roll_rec,auroc,38,0.07910744575071671
roll_win-roll_rec,auroc,39,0.06376849739720447
roll_win-roll_rec,auroc,40,0.032915131309586454
roll_win-roll_rec,auroc,41,0.06473357899046617
roll_win-roll_rec,auroc,42,0.03140901912616245
roll_win-roll_rec,auroc,43,0.04075276364274427
roll_win-roll_rec,auroc,44,0.04584137567994373
roll_win-roll_rec,auroc,45,0.035883488331286184
roll_win-roll_rec,auroc,46,0.03813534538223062
roll_win-roll_rec,auroc,47,0.08084751710826454
roll_win-roll_rec,auroc,48,0.087632333157864
roll_win-roll_rec,auroc,49,0.05699830379598758
roll_win-roll_rec,auroc,50,0.07232262970111702
roll_win-roll_rec,auroc,51,0.07899046616365435
roll_win-roll_rec,auroc,52,0.0805989354857578
roll_win-roll_rec,auroc,53,0.05334269170029815
roll_win-roll_rec,auroc,54,0.060229864888576956
roll_win-roll_rec,auroc,55,0.07194244604316535
roll_win-roll_rec,auroc,56,0.05049131426566067
roll_win-roll_rec,auroc,57,0.012019652570626427
roll_win-roll_rec,auroc,58,0.05220214072644325
roll_win-roll_rec,auroc,59,0.07416505819734454
roll_win-roll_rec,auroc,60,0.037638182137217036
roll_win-roll_rec,auroc,61,0.006024448733695897
roll_win-roll_rec,auroc,62,0.041878692168216713
roll_win-roll_rec,auroc,63,0.04554892671228883
roll_win-roll_rec,auroc,64,0.03779902906942745
roll_win-roll_rec,auroc,65,0.08187108849505753
roll_win-roll_rec,auroc,66,0.04649938585716784
roll_win-roll_rec,auroc,67,0.0450810083640405
roll_win-roll_rec,auroc,68,0.032520325203251876
roll_win-roll_rec,auroc,69,0.07665087442241325
roll_win-roll_rec,auroc,70,4.386734514816304e-05
roll_win-roll_rec,auroc,71,0.0335000292448967
roll_win-roll_rec,auroc,72,0.011961162777095469
roll_win-roll_rec,auroc,73,0.0650114055097386
roll_win-roll_rec,auroc,74,0.04222963092940257
roll_win-roll_rec,auroc,75,0.08957711879277075
roll_win-roll_rec,auroc,76,0.08097911914370926
roll_win-roll_rec,auroc,77,0.03519623325729637
roll_win-roll_rec,auroc,78,0.0506082938527227
roll_win-roll_rec,auroc,79,0.0722348950108207
roll_win-roll_rec,auroc,80,0.05886997718898046
roll_win-roll_rec,auroc,81,0.03610282505702744
roll_win-roll_rec,auroc,82,0.043574896180616385
roll_win-roll_rec,auroc,83,0.054790314090191194
roll_win-roll_rec,auroc,84,0.03961221266888926
roll_win-roll_rec,auroc,85,0.04534421243493014
roll_win-roll_rec,auroc,86,0.045505059367140444
roll_win-roll_rec,auroc,87,0.041293794232906356
roll_win-roll_rec,auroc,88,0.05401532432590517
roll_win-roll_rec,auroc,89,0.06799438497982102
roll_win-roll_rec,auroc,90,0.06869626250219318
roll_win-roll_rec,auroc,91,0.058007252734397885
roll_win-roll_rec,auroc,92,0.05300637538749475
roll_win-roll_rec,auroc,93,0.03630753933438613
roll_win-roll_rec,auroc,94,0.07014388489208623
roll_win-roll_rec,auroc,95,-0.010630519974264452
roll_win-roll_rec,auroc,96,0.0445546002222611
roll_win-roll_rec,auroc,97,0.05452711001930166
roll_win-roll_rec,auroc,98,0.03388021290284848
roll_win-roll_rec,auroc,99,0.05265543662630867
roll_win-roll_rec,balanced_accuracy,0,0.044569222670644004
roll_win-roll_rec,balanced_accuracy,1,0.09038135345382226
roll_win-roll_rec,balanced_accuracy,2,0.06036146692402178
roll_win-roll_rec,balanced_accuracy,3,0.06082938527227
roll_win-roll_rec,balanced_accuracy,4,0.047698426624554036
roll_win-roll_rec,balanced_accuracy,5,0.07834707843481314
roll_win-roll_rec,balanced_accuracy,6,0.03408492718020706
roll_win-roll_rec,balanced_accuracy,7,0.048473416388840174
roll_win-roll_rec,balanced_accuracy,8,0.06645902789963154
roll_win-roll_rec,balanced_accuracy,9,0.06879861964087264
roll_win-roll_rec,balanced_accuracy,10,0.07162075217874486
roll_win-roll_rec,balanced_accuracy,11,0.03737497806632739
roll_win-roll_rec,balanced_accuracy,12,0.027051529508100747
roll_win-roll_rec,balanced_accuracy,13,0.03674621278586898
roll_win-roll_rec,balanced_accuracy,14,0.07615371117739955
roll_win-roll_rec,balanced_accuracy,15,0.04753757969234362
roll_win-roll_rec,balanced_accuracy,16,0.04081125343627545
roll_win-roll_rec,balanced_accuracy,17,0.052699303971456946
roll_win-roll_rec,balanced_accuracy,18,0.053474293735743084
roll_win-roll_rec,balanced_accuracy,19,0.043165467625899234
roll_win-roll_rec,balanced_accuracy,20,0.055199742644908456
roll_win-roll_rec,balanced_accuracy,21,0.052070538690998314
roll_win-roll_rec,balanced_accuracy,22,0.06989530326957938
roll_win-roll_rec,balanced_accuracy,23,0.04315084517751655
roll_win-roll_rec,balanced_accuracy,24,0.04503714101889211
roll_win-roll_rec,balanced_accuracy,25,0.04674796747967491
roll_win-roll_rec,balanced_accuracy,26,0.0869450780838743
roll_win-roll_rec,balanced_accuracy,27,0.056603497689653115
roll_win-roll_rec,balanced_accuracy,28,0.06489442592267647
roll_win-roll_rec,balanced_accuracy,29,0.09147803708252922
roll_win-roll_rec,balanced_accuracy,30,0.059103936363104626
roll_win-roll_rec,balanced_accuracy,31,0.10836696496461368
roll_win-roll_rec,balanced_accuracy,32,0.03564952915716213
roll_win-roll_rec,balanced_accuracy,33,0.08741299643212253
roll_win-roll_rec,balanced_accuracy,34,0.04034333508802712
roll_win-roll_rec,balanced_accuracy,35,0.08036497631163364
roll_win-roll_rec,balanced_accuracy,36,0.051602620342750205
roll_win-roll_rec,balanced_accuracy,37,0.0397145698075686
roll_win-roll_rec,balanced_accuracy,38,0.08491255775867113
roll_win-roll_rec,balanced_accuracy,39,0.053942212083991414
roll_win-roll_rec,balanced_accuracy,40,0.02908404983330415
roll_win-roll_rec,balanced_accuracy,41,0.04394045739018537
roll_win-roll_rec,balanced_accuracy,42,0.048005498040591954
roll_win-roll_rec,balanced_accuracy,43,0.06599110955138321
roll_win-roll_rec,balanced_accuracy,44,0.07286366029127922
roll_win-roll_rec,balanced_accuracy,45,0.04081125343627545
roll_win-roll_rec,balanced_accuracy,46,0.0655231912031351
roll_win-roll_rec,balanced_accuracy,47,0.06645902789963143
roll_win-roll_rec,balanced_accuracy,48,0.03924665145932038
roll_win-roll_rec,balanced_accuracy,49,0.046601742995847295
roll_win-roll_rec,balanced_accuracy,50,0.053635140667953496
roll_win-roll_rec,balanced_accuracy,51,0.09054220038603256
roll_win-roll_rec,balanced_accuracy,52,0.07255658887524141
roll_win-roll_rec,balanced_accuracy,53,0.06145815055272852
roll_win-roll_rec,balanced_accuracy,54,0.04034333508802712
roll_win-roll_rec,balanced_accuracy,55,0.08381587412996439
roll_win-roll_rec,balanced_accuracy,56,0.057232262970111636
roll_win-roll_rec,balanced_accuracy,57,0.049102181669298695
roll_win-roll_rec,balanced_accuracy,58,0.048634263321050586
roll_win-roll_rec,balanced_accuracy,59,0.086784231151664
roll_win-roll_rec,balanced_accuracy,60,0.02861613148505593
roll_win-roll_rec,balanced_accuracy,61,0.06036146692402167
roll_win-roll_rec,balanced_accuracy,62,0.021889805228987536
roll_win-roll_rec,balanced_accuracy,63,0.07928291513130958
roll_win-roll_rec,balanced_accuracy,64,0.08554132303912965
roll_win-roll_rec,balanced_accuracy,65,0.05832894659881849
roll_win-roll_rec,balanced_accuracy,66,0.03768204948236531
roll_win-roll_rec,balanced_accuracy,67,0.055038895712698155
roll_win-roll_rec,balanced_accuracy,68,0.03737497806632739
roll_win-roll_rec,balanced_accuracy,69,0.025954845879394006
roll_win-roll_rec,balanced_accuracy,70,0.021100193016318602
roll_win-roll_rec,balanced_accuracy,71,0.051602620342750205
roll_win-roll_rec,balanced_accuracy,72,0.05129554892671229
roll_win-roll_rec,balanced_accuracy,73,0.06895946657308305
roll_win-roll_rec,balanced_accuracy,74,0.03940749839153079
roll_win-roll_rec,balanced_accuracy,75,0.051602620342750205
roll_win-roll_rec,balanced_accuracy,76,0.06379774229396973
roll_win-roll_rec,balanced_accuracy,77,0.07442826226823418
roll_win-roll_rec,balanced_accuracy,78,0.08271919050125764
roll_win-roll_rec,balanced_accuracy,79,0.08397672106217469
roll_win-roll_rec,balanced_accuracy,80,0.04424752880622329
roll_win-roll_rec,balanced_accuracy,81,0.023293560273732083
roll_win-roll_rec,balanced_accuracy,82,0.041600865648944274
roll_win-roll_rec,balanced_accuracy,83,0.03424577411241736
roll_win-roll_rec,balanced_accuracy,84,0.05691056910569103
roll_win-roll_rec,balanced_accuracy,85,0.03877873311107216
roll_win-roll_rec,balanced_accuracy,86,0.05832894659881849
roll_win-roll_rec,balanced_accuracy,87,0.0584897935310289
roll_win-roll_rec,balanced_accuracy,88,0.09460724103643914
roll_win-roll_rec,balanced_accuracy,89,0.050505936714043465
roll_win-roll_rec,balanced_accuracy,90,0.050666783646253655
roll_win-roll_rec,balanced_accuracy,91,0.06442650757442825
roll_win-roll_rec,balanced_accuracy,92,0.052231385623208726
roll_win-roll_rec,balanced_accuracy,93,0.04331169210972674
roll_win-roll_rec,balanced_accuracy,94,0.06286190559747329
roll_win-roll_rec,balanced_accuracy,95,-0.0006287652804584098
roll_win-roll_rec,balanced_accuracy,96,0.04597297771538855
roll_win-roll_rec,balanced_accuracy,97,0.10023688366380068
roll_win-roll_rec,balanced_accuracy,98,0.06316897701351121
roll_win-roll_rec,balanced_accuracy,99,0.04237585541323041
roll_win-roll_rec,accuracy,0,0.038961038961038974
roll_win-roll_rec,accuracy,1,0.09350649350649354
roll_win-roll_rec,accuracy,2,0.05714285714285716
roll_win-roll_rec,accuracy,3,0.05974025974025976
roll_win-roll_rec,accuracy,4,0.038961038961038974
roll_win-roll_rec,accuracy,5,0.07012987012987015
roll_win-roll_rec,accuracy,6,0.04155844155844157
roll_win-roll_rec,accuracy,7,0.051948051948051965
roll_win-roll_rec,accuracy,8,0.06493506493506496
roll_win-roll_rec,accuracy,9,0.07792207792207795
roll_win-roll_rec,accuracy,10,0.06753246753246755
roll_win-roll_rec,accuracy,11,0.03376623376623378
roll_win-roll_rec,accuracy,12,0.02857142857142858
roll_win-roll_rec,accuracy,13,0.038961038961038974
roll_win-roll_rec,accuracy,14,0.07532467532467535
roll_win-roll_rec,accuracy,15,0.04675324675324677
roll_win-roll_rec,accuracy,16,0.04415584415584417
roll_win-roll_rec,accuracy,17,0.04935064935064937
roll_win-roll_rec,accuracy,18,0.06233766233766236
roll_win-roll_rec,accuracy,19,0.03116883116883118
roll_win-roll_rec,accuracy,20,0.054545454545454564
roll_win-roll_rec,accuracy,21,0.054545454545454564
roll_win-roll_rec,accuracy,22,0.07532467532467535
roll_win-roll_rec,accuracy,23,0.05714285714285716
roll_win-roll_rec,accuracy,24,0.04155844155844157
roll_win-roll_rec,accuracy,25,0.05974025974025976
roll_win-roll_rec,accuracy,26,0.08311688311688314
roll_win-roll_rec,accuracy,27,0.06233766233766236
roll_win-roll_rec,accuracy,28,0.06493506493506496
roll_win-roll_rec,accuracy,29,0.09090909090909094
roll_win-roll_rec,accuracy,30,0.06753246753246755
roll_win-roll_rec,accuracy,31,0.10649350649350653
roll_win-roll_rec,accuracy,32,0.04155844155844157
roll_win-roll_rec,accuracy,33,0.08571428571428574
roll_win-roll_rec,accuracy,34,0.04155844155844157
roll_win-roll_rec,accuracy,35,0.09870129870129873
roll_win-roll_rec,accuracy,36,0.051948051948051965
roll_win-roll_rec,accuracy,37,0.04675324675324677
roll_win-roll_rec,accuracy,38,0.08051948051948055
roll_win-roll_rec,accuracy,39,0.06493506493506496
roll_win-roll_rec,accuracy,40,0.03116883116883118
roll_win-roll_rec,accuracy,41,0.04415584415584417
roll_win-roll_rec,accuracy,42,0.04935064935064937
roll_win-roll_rec,accuracy,43,0.06233766233766236
roll_win-roll_rec,accuracy,44,0.08311688311688314
roll_win-roll_rec,accuracy,45,0.04415584415584417
roll_win-roll_rec,accuracy,46,0.05974025974025976
roll_win-roll_rec,accuracy,47,0.06493506493506496
roll_win-roll_rec,accuracy,48,0.04415584415584417
roll_win-roll_rec,accuracy,49,0.04155844155844157
roll_win-roll_rec,accuracy,50,0.054545454545454564
roll_win-roll_rec,accuracy,51,0.08571428571428574
roll_win-roll_rec,accuracy,52,0.07272727272727275
roll_win-roll_rec,accuracy,53,0.054545454545454564
roll_win-roll_rec,accuracy,54,0.04155844155844157
roll_win-roll_rec,accuracy,55,0.08311688311688314
roll_win-roll_rec,accuracy,56,0.05714285714285716
roll_win-roll_rec,accuracy,57,0.04675324675324677
roll_win-roll_rec,accuracy,58,0.04415584415584417
roll_win-roll_rec,accuracy,59,0.09090909090909094
roll_win-roll_rec,accuracy,60,0.02857142857142858
roll_win-roll_rec,accuracy,61,0.05714285714285716
roll_win-roll_rec,accuracy,62,0.025974025974025983
roll_win-roll_rec,accuracy,63,0.07532467532467535
roll_win-roll_rec,accuracy,64,0.07532467532467535
roll_win-roll_rec,accuracy,65,0.054545454545454564
roll_win-roll_rec,accuracy,66,0.04415584415584417
roll_win-roll_rec,accuracy,67,0.06233766233766236
roll_win-roll_rec,accuracy,68,0.03376623376623378
roll_win-roll_rec,accuracy,69,0.03116883116883118
roll_win-roll_rec,accuracy,70,0.038961038961038974
roll_win-roll_rec,accuracy,71,0.051948051948051965
roll_win-roll_rec,accuracy,72,0.04155844155844157
roll_win-roll_rec,accuracy,73,0.07012987012987015
roll_win-roll_rec,accuracy,74,0.036363636363636376
roll_win-roll_rec,accuracy,75,0.051948051948051965
roll_win-roll_rec,accuracy,76,0.06753246753246755
roll_win-roll_rec,accuracy,77,0.08311688311688314
roll_win-roll_rec,accuracy,78,0.08571428571428574
roll_win-roll_rec,accuracy,79,0.07532467532467535
roll_win-roll_rec,accuracy,80,0.054545454545454564
roll_win-roll_rec,accuracy,81,0.03376623376623378
roll_win-roll_rec,accuracy,82,0.03116883116883118
roll_win-roll_rec,accuracy,83,0.03376623376623378
roll_win-roll_rec,accuracy,84,0.07272727272727275
roll_win-roll_rec,accuracy,85,0.04155844155844157
roll_win-roll_rec,accuracy,86,0.054545454545454564
roll_win-roll_rec,accuracy,87,0.04675324675324677
roll_win-roll_rec,accuracy,88,0.09090909090909094
roll_win-roll_rec,accuracy,89,0.054545454545454564
roll_win-roll_rec,accuracy,90,0.04675324675324677
roll_win-roll_rec,accuracy,91,0.06233766233766236
roll_win-roll_rec,accuracy,92,0.04675324675324677
roll_win-roll_rec,accuracy,93,0.04935064935064937
roll_win-roll_rec,accuracy,94,0.06233766233766236
roll_win-roll_rec,accuracy,95,0.0051948051948051965
roll_win-roll_rec,accuracy,96,0.04675324675324677
roll_win-roll_rec,accuracy,97,0.09610389610389614
roll_win-roll_rec,accuracy,98,0.07272727272727275
roll_win-roll_rec,accuracy,99,0.04415584415584417
all-rec,auroc,0,-0.02174358074516014
all-rec,auroc,1,-0.03180382523249703
all-rec,auroc,2,-0.011390887290168017
all-rec,auroc,3,-0.02437562145405625
all-rec,auroc,4,-0.04924840615312631
all-rec,auroc,5,-0.021670468503246165
all-rec,auroc,6,-0.0038457039246652114
all-rec,auroc,7,-0.004152775340703019
all-rec,auroc,8,-0.009285254723050973
all-rec,auroc,9,-0.021816692987073782
all-rec,auroc,10,-0.0281482131368076
all-rec,auroc,11,-0.025457682634380308
all-rec,auroc,12,-0.019696437971574055
all-rec,auroc,13,-0.030195355910393573
all-rec,auroc,14,-0.02768029478855949
all-rec,auroc,15,-0.023278937825349733
all-rec,auroc,16,-0.015002632040708841
all-rec,auroc,17,-0.04559279405743699
all-rec,auroc,18,0.0012429081125342467
all-rec,auroc,19,-0.0373457331695618
all-rec,auroc,20,-0.015251213663215801
all-rec,auroc,21,-0.03627829443762076
all-rec,auroc,22,-0.03617593729894142
all-rec,auroc,23,-0.0030999590571444413
all-rec,auroc,24,-0.025867111189097458
all-rec,auroc,25,-0.02874773352050064
all-rec,auroc,26,-0.01824881558168101
all-rec,auroc,27,-0.028879335555945462
all-rec,auroc,28,-0.050725273439784724
all-rec,auroc,29,-0.03945136573667907
all-rec,auroc,30,-0.013423407615371197
all-rec,auroc,31,-0.016421009533836295
all-rec,auroc,32,-0.04604608995730264
all-rec,auroc,33,-0.018351172720360354
all-rec,auroc,34,-0.011580979119143686
all-rec,auroc,35,-0.018804468620225778
all-rec,auroc,36,-0.059133181259869994
all-rec,auroc,37,-0.04043106977832356
all-rec,auroc,38,-0.015324325905129443
all-rec,auroc,39,-0.015163478972919253
all-rec,auroc,40,-0.014096040240977992
all-rec,auroc,41,-0.017517693162543146
all-rec,auroc,42,-0.04487629408668192
all-rec,auroc,43,-0.0366877229923378
all-rec,auroc,44,-0.011888050535181494
all-rec,auroc,45,-0.046440896063636994
all-rec,auroc,46,-0.007852254781540613
all-rec,auroc,47,-0.03999239632684082
all-rec,auroc,48,-0.043852722699888824
all-rec,auroc,49,-0.016464876878984458
all-rec,auroc,50,-0.04639702871848861
all-rec,auroc,51,0.019447856349067205
all-rec,auroc,52,-0.02246008071591521
all-rec,auroc,53,-0.021363397087208136
all-rec,auroc,54,-0.04293150845177529
all-rec,auroc,55,-0.032666549687079605
all-rec,auroc,56,-0.012984734163888345
all-rec,auroc,57,-0.035137743463765525
all-rec,auroc,58,-0.019111540036263475
all-rec,auroc,59,-0.02621804995028365
all-rec,auroc,60,-0.037579692343685966
all-rec,auroc,61,-0.000716499970755069
all-rec,auroc,62,-0.0004971632450136987
all-rec,auroc,63,0.01008948938410259
all-rec,auroc,64,-0.048254079663098914
all-rec,auroc,65,-0.02855764169152486
all-rec,auroc,66,-0.044042814528864715
all-rec,auroc,67,-0.016055448324267307
all-rec,auroc,68,-0.04114756974907885
all-rec,auroc,69,0.0005410305901619727
all-rec,auroc,70,-0.03937825349476509
all-rec,auroc,71,-0.004079663098789266
all-rec,auroc,72,-0.03369012107387259
all-rec,auroc,73,-0.005044744692051184
all-rec,auroc,74,-0.01997426449084616
all-rec,auroc,75,-0.028265192723869736
all-rec,auroc,76,-0.009431479206878368
all-rec,auroc,77,-0.01740071357548112
all-rec,auroc,78,-0.0475814470374919
all-rec,auroc,79,-0.021334152190442768
all-rec,auroc,80,-0.014520091244077826
all-rec,auroc,81,-0.04041644732994121
all-rec,auroc,82,-0.054190793706498264
all-rec,auroc,83,-0.020895478738960027
all-rec,auroc,84,-0.01987190735216715
all-rec,auroc,85,-0.024960519389366498
all-rec,auroc,86,-0.022825641925483975
all-rec,auroc,87,-0.006302275252968337
all-rec,auroc,88,-0.03031233549745571
all-rec,auroc,89,-0.022050652161197837
all-rec,auroc,90,-0.027826519272386885
all-rec,auroc,91,-0.010104111832485163
all-rec,auroc,92,-0.05645727320582572
all-rec,auroc,93,-0.0393636310463823
all-rec,auroc,94,-0.0016523366672513973
all-rec,auroc,95,-0.03785751886295852
all-rec,auroc,96,-0.018819091068608462
all-rec,auroc,97,-0.016728080949874324
all-rec,auroc,98,-0.026817570333976692
all-rec,auroc,99,-0.03371936597063818
all-rec,balanced_accuracy,0,-0.0075159384687372155
all-rec,balanced_accuracy,1,-0.040036263671989314
all-rec,balanced_accuracy,2,0.021889805228987536
all-rec,balanced_accuracy,3,-0.007355091536526803
all-rec,balanced_accuracy,4,-0.005790489559571843
all-rec,balanced_accuracy,5,-0.009387611861730094
all-rec,balanced_accuracy,6,-0.0212756623969117
all-rec,balanced_accuracy,7,-0.01924314207170852
all-rec,balanced_accuracy,8,-0.014081417792595197
all-rec,balanced_accuracy,9,0.010001754693805931
all-rec,balanced_accuracy,10,-0.0017254489091653724
all-rec,balanced_accuracy,11,-0.030970345674679822
all-rec,balanced_accuracy,12,-0.015178101421301937
all-rec,balanced_accuracy,13,-0.05302099783587766
all-rec,balanced_accuracy,14,0.00500087734690291
all-rec,balanced_accuracy,15,-0.009855530209978425
all-rec,balanced_accuracy,16,-0.01924314207170852
all-rec,balanced_accuracy,17,-0.027534070304731872
all-rec,balanced_accuracy,18,0.014066795344212402
all-rec,balanced_accuracy,19,0.0046791834824821965
all-rec,balanced_accuracy,20,-0.016581856466046707
all-rec,balanced_accuracy,21,0.00593671404339946
all-rec,balanced_accuracy,22,-0.026115692811604307
all-rec,balanced_accuracy,23,0.009533836345557711
all-rec,balanced_accuracy,24,-0.03253494765163478
all-rec,balanced_accuracy,25,-0.04942387553371941
all-rec,balanced_accuracy,26,0.013598876995964071
all-rec,balanced_accuracy,27,-0.036132069953793144
all-rec,balanced_accuracy,28,-0.05208516113938111
all-rec,balanced_accuracy,29,-0.022679417441656358
all-rec,balanced_accuracy,30,-0.009548458793940395
all-rec,balanced_accuracy,31,-0.019550213487746437
all-rec,balanced_accuracy,32,-0.004225887582616883
all-rec,balanced_accuracy,33,-0.013452652512136676
all-rec,balanced_accuracy,34,-0.015178101421302048
all-rec,balanced_accuracy,35,-0.0010966836287069626
all-rec,balanced_accuracy,36,-0.025179856115107868
all-rec,balanced_accuracy,37,-0.047698426624554036
all-rec,balanced_accuracy,38,-0.043165467625899345
all-rec,balanced_accuracy,39,-0.002193367257413481
all-rec,balanced_accuracy,40,-0.016421009533836295
all-rec,balanced_accuracy,41,0.00640463239164768
all-rec,balanced_accuracy,42,-0.05708603848628413
all-rec,balanced_accuracy,43,-0.009387611861730094
all-rec,balanced_accuracy,44,-0.03034158039422119
all-rec,balanced_accuracy,45,-0.03440662104462777
all-rec,balanced_accuracy,46,0.019389366555536025
all-rec,balanced_accuracy,47,-0.008290928233023354
all-rec,balanced_accuracy,48,-0.02174358074515992
all-rec,balanced_accuracy,49,-0.042697549277651126
all-rec,balanced_accuracy,50,-0.038632508627244544
all-rec,balanced_accuracy,51,0.04111832485231326
all-rec,balanced_accuracy,52,-0.002193367257413592
all-rec,balanced_accuracy,53,-0.03097034567467971
all-rec,balanced_accuracy,54,-0.011580979119143797
all-rec,balanced_accuracy,55,-0.005161724279113322
all-rec,balanced_accuracy,56,-0.017210621746505228
all-rec,balanced_accuracy,57,-0.008919693513481874
all-rec,balanced_accuracy,58,0.0039041937181961694
all-rec,balanced_accuracy,59,-0.018614376791249998
all-rec,balanced_accuracy,60,-0.03034158039422119
all-rec,balanced_accuracy,61,0.00500087734690291
all-rec,balanced_accuracy,62,0.017663917646370653
all-rec,balanced_accuracy,63,0.018131835994618983
all-rec,balanced_accuracy,64,-0.006887173188278695
all-rec,balanced_accuracy,65,-0.02221149909340825
all-rec,balanced_accuracy,66,-0.015017254489091636
all-rec,balanced_accuracy,67,-0.005790489559571732
all-rec,balanced_accuracy,68,-0.03456746797683796
all-rec,balanced_accuracy,69,0.018131835994618872
all-rec,balanced_accuracy,70,-0.02580862139556661
all-rec,balanced_accuracy,71,-0.017678540094753448
all-rec,balanced_accuracy,72,-0.022211499093408138
all-rec,balanced_accuracy,73,0.020325203252032575
all-rec,balanced_accuracy,74,0.012195121951219523
all-rec,balanced_accuracy,75,0.0001462244838275062
all-rec,balanced_accuracy,76,0.00140375504474477
all-rec,balanced_accuracy,77,0.00453295899865469
all-rec,balanced_accuracy,78,-0.015953091185588075
all-rec,balanced_accuracy,79,0.019696437971573943
all-rec,balanced_accuracy,80,-0.008919693513481985
all-rec,balanced_accuracy,81,-0.012048897467391906
all-rec,balanced_accuracy,82,-0.02784114172076968
all-rec,balanced_accuracy,83,-0.0046938059308651026
all-rec,balanced_accuracy,84,-0.006887173188278584
all-rec,balanced_accuracy,85,-0.009855530209978314
all-rec,balanced_accuracy,86,-0.009387611861730205
all-rec,balanced_accuracy,87,-0.008919693513481874
all-rec,balanced_accuracy,88,-0.010323448558226644
all-rec,balanced_accuracy,89,-0.019082295139498218
all-rec,balanced_accuracy,90,-0.0031292039539100314
all-rec,balanced_accuracy,91,0.025486927531145787
all-rec,balanced_accuracy,92,-0.0046938059308649915
all-rec,balanced_accuracy,93,-0.033002865999883
all-rec,balanced_accuracy,94,0.0012429081125343577
all-rec,balanced_accuracy,95,-0.03080949874246952
all-rec,balanced_accuracy,96,-0.02221149909340825
all-rec,balanced_accuracy,97,0.0025004386734513995
all-rec,balanced_accuracy,98,-0.009855530209978314
all-rec,balanced_accuracy,99,-0.040357957536409916
all-rec,accuracy,0,0.010389610389610393
all-rec,accuracy,1,-0.03116883116883118
all-rec,accuracy,2,0.025974025974025983
all-rec,accuracy,3,0.0025974025974025983
all-rec,accuracy,4,0.0025974025974025983
all-rec,accuracy,5,0.0
all-rec,accuracy,6,-0.0051948051948051965
all-rec,accuracy,7,-0.0025974025974025983
all-rec,accuracy,8,0.0
all-rec,accuracy,9,0.020779220779220786
all-rec,accuracy,10,0.007792207792207795
all-rec,accuracy,11,-0.01558441558441559
all-rec,accuracy,12,0.0025974025974025983
all-rec,accuracy,13,-0.03376623376623378
all-rec,accuracy,14,0.010389610389610393
all-rec,accuracy,15,-0.0025974025974025983
all-rec,accuracy,16,-0.0025974025974025983
all-rec,accuracy,17,-0.0051948051948051965
all-rec,accuracy,18,0.025974025974025983
all-rec,accuracy,19,0.025974025974025983
all-rec,accuracy,20,-0.0051948051948051965
all-rec,accuracy,21,0.01558441558441559
all-rec,accuracy,22,-0.023376623376623384
all-rec,accuracy,23,0.018181818181818188
all-rec,accuracy,24,-0.01558441558441559
all-rec,accuracy,25,-0.03116883116883118
all-rec,accuracy,26,0.023376623376623384
all-rec,accuracy,27,-0.018181818181818188
all-rec,accuracy,28,-0.02857142857142858
all-rec,accuracy,29,-0.012987012987012991
all-rec,accuracy,30,0.007792207792207795
all-rec,accuracy,31,-0.012987012987012991
all-rec,accuracy,32,0.0025974025974025983
all-rec,accuracy,33,-0.0051948051948051965
all-rec,accuracy,34,0.0025974025974025983
all-rec,accuracy,35,0.0025974025974025983
all-rec,accuracy,36,-0.018181818181818188
all-rec,accuracy,37,-0.038961038961038974
all-rec,accuracy,38,-0.03116883116883118
all-rec,accuracy,39,0.0051948051948051965
all-rec,accuracy,40,-0.012987012987012991
all-rec,accuracy,41,0.018181818181818188
all-rec,accuracy,42,-0.038961038961038974
all-rec,accuracy,43,0.0
all-rec,accuracy,44,-0.020779220779220786
all-rec,accuracy,45,-0.025974025974025983
all-rec,accuracy,46,0.020779220779220786
all-rec,accuracy,47,-0.0025974025974025983
all-rec,accuracy,48,-0.007792207792207795
all-rec,accuracy,49,-0.02857142857142858
all-rec,accuracy,50,-0.023376623376623384
all-rec,accuracy,51,0.054545454545454564
all-rec,accuracy,52,0.0051948051948051965
all-rec,accuracy,53,-0.01558441558441559
all-rec,accuracy,54,0.0051948051948051965
all-rec,accuracy,55,-0.0025974025974025983
all-rec,accuracy,56,0.0
all-rec,accuracy,57,0.0025974025974025983
all-rec,accuracy,58,0.012987012987012991
all-rec,accuracy,59,-0.007792207792207795
all-rec,accuracy,60,-0.020779220779220786
all-rec,accuracy,61,0.010389610389610393
all-rec,accuracy,62,0.02857142857142858
all-rec,accuracy,63,0.03116883116883118
all-rec,accuracy,64,0.0051948051948051965
all-rec,accuracy,65,-0.010389610389610393
all-rec,accuracy,66,-0.0051948051948051965
all-rec,accuracy,67,0.0025974025974025983
all-rec,accuracy,68,-0.018181818181818188
all-rec,accuracy,69,0.03116883116883118
all-rec,accuracy,70,-0.012987012987012991
all-rec,accuracy,71,-0.0025974025974025983
all-rec,accuracy,72,-0.010389610389610393
all-rec,accuracy,73,0.025974025974025983
all-rec,accuracy,74,0.01558441558441559
all-rec,accuracy,75,0.018181818181818188
all-rec,accuracy,76,0.007792207792207795
all-rec,accuracy,77,0.007792207792207795
all-rec,accuracy,78,-0.010389610389610393
all-rec,accuracy,79,0.03116883116883118
all-rec,accuracy,80,0.0025974025974025983
all-rec,accuracy,81,0.0025974025974025983
all-rec,accuracy,82,-0.01558441558441559
all-rec,accuracy,83,0.0
all-rec,accuracy,84,0.0051948051948051965
all-rec,accuracy,85,-0.0025974025974025983
all-rec,accuracy,86,0.0
all-rec,accuracy,87,0.0025974025974025983
all-rec,accuracy,88,-0.0051948051948051965
all-rec,accuracy,89,-0.010389610389610393
all-rec,accuracy,90,0.0
all-rec,accuracy,91,0.02857142857142858
all-rec,accuracy,92,0.0
all-rec,accuracy,93,-0.018181818181818188
all-rec,accuracy,94,0.01558441558441559
all-rec,accuracy,95,-0.023376623376623384
all-rec,accuracy,96,-0.010389610389610393
all-rec,accuracy,97,0.0051948051948051965
all-rec,accuracy,98,-0.0025974025974025983
all-rec,accuracy,99,-0.01558441558441559
